idpozo,latitud,longitud,sub_tipo_recurso,areayacimiento,produccion_total_historica_bbl
3640,-37.95417,-68.45239,SHALE,EL CARACOL,91927.87084576045
8043,-38.5081976,-69.0388854,SHALE,FORTIN DE PIEDRA,3043.6340753346
42900,-38.14359,-68.34622,SHALE,BAJADA DEL PALO,97454.2331175732
42905,-38.12469,-68.33084,SHALE,BAJADA DEL PALO,290176.6151816004
42927,-38.21291,-68.52859,SHALE,BORDE MONTUOSO,49339.8330355062
42933,-38.23233,-68.62394,SHALE,MEDANO DE LA MORA,194325.9033615372
42936,-38.19995,-68.45236,SHALE,PUESTO SIN NOMBRE,38385.6253513722
126808,-38.85185014,-68.46654794,SHALE,AGUA DEL CAJON,77811.556086
134528,-38.4059113819,-68.9110334798,SHALE,LOMA CAMPANA-LLL,25264.868639999997
135147,-38.3028233323,-68.7989263902,SHALE,LOMA CAMPANA-LLL,55321.9359
135480,-38.2987507545,-68.8690281375,SHALE,LOMA CAMPANA-LLL,48265.472177999996
135484,-38.3572280003,-68.6314285963,SHALE,LOMA CAMPANA,129180.54138
135803,-38.4565,-68.7889,SHALE,LOMA LA LATA,76954.885326
135925,-38.4113,-68.631,SHALE,LOMA CAMPANA-LLL,37300.652532
136044,-38.2234,-68.9166,SHALE,BAJADA DE AÑELO,46929.77025
136060,-38.3339,-68.9156,SHALE,LOMA CAMPANA-LLL,140510.67261
136085,-38.38335556,-68.41230278,SHALE,COIRON AMARGO SUR ESTE,26685.2618632974
136203,-38.3217,-68.9026,SHALE,LOMA CAMPANA-LLL,121634.98281
136211,-38.3146,-68.8162,SHALE,LOMA CAMPANA-LLL,383795.356362
136381,-38.3264,-68.799,SHALE,LOMA CAMPANA-LLL,88399.239324
136402,-38.3381,-68.7927,SHALE,LOMA CAMPANA-LLL,92714.545308
136404,-38.3394,-68.7126,SHALE,LOMA CAMPANA-LLL,217378.570002
136469,-38.3058,-68.8816,SHALE,LOMA CAMPANA-LLL,56704.685531999996
136588,-38.0881,-68.6091,SHALE,LA AMARGA CHICA,89917.78573799999
136589,-38.3128,-68.8461,SHALE,LOMA CAMPANA-LLL,76053.871476
136725,-38.3095,-68.869,SHALE,LOMA CAMPANA-LLL,84635.989086
136735,-38.3102,-68.8084,SHALE,LOMA CAMPANA-LLL,70864.094598
136895,-38.3044,-68.8082,SHALE,LOMA CAMPANA-LLL,89682.54721799999
136897,-38.3072,-68.807,SHALE,LOMA CAMPANA-LLL,53364.109854
136903,-38.3996,-68.9073,SHALE,LOMA CAMPANA-LLL,2588.001108
136917,-38.4735,-68.3088,SHALE,MATA MORA NORTE,4169.256828
136996,-38.3061,-68.7684,SHALE,LOMA CAMPANA-LLL,149071.71938999998
136997,-38.3305,-68.8173,SHALE,LOMA CAMPANA-LLL,37647.91239
137007,-37.793,-68.7597,SHALE,LOMA AMARILLA,1194.055632
137008,-38.3516,-68.6232,SHALE,LOMA CAMPANA,210095.170296
137082,-38.252301,-68.404795,SHALE,LOMA JARILLOSA ESTE,38009.827482
137229,-36.8512,-69.4631,SHALE,PAYUN OESTE,16857.796164
137233,-36.206,-69.6204,SHALE,MALAL DEL MEDIO,5486.844132
137237,-37.9863,-69.2178,SHALE,EL OREJANO,123.40587599999999
137238,-38.3191,-68.8883,SHALE,LOMA CAMPANA-LLL,133279.415346
137239,-38.3191,-68.8884,SHALE,LOMA CAMPANA-LLL,908.24712
137240,-38.2981,-68.8514,SHALE,LOMA CAMPANA-LLL,69435.555222
137242,-38.7268,-68.9213,SHALE,SIERRA BARROSA,56381.45271
137388,-37.2161,-69.3284,SHALE,CORRALERA NORESTE,305.55848399999996
137389,-37.5975,-69.6269,SHALE,LOMA DEL MOLLE,11.573231999999999
137390,-38.2979,-68.8514,SHALE,LOMA CAMPANA-LLL,64311.569652
137416,-38.67994,-68.51763,SHALE,LINDERO ATRAVESADO OCCIDENTAL,38306.7594675612
137438,-38.257499,-68.390257,SHALE,LOMA JARILLOSA ESTE,34637.110926
137473,-37.5103,-69.0496,SHALE,BAJO DEL TORO NORTE,53984.850216
137475,-38.3183,-68.8882,SHALE,LOMA CAMPANA-LLL,101718.771396
137534,-38.77324,-68.29158,SHALE,LINDERO ATRAVESADO ORIENTAL,10511.829885348
137564,-38.419926,-68.258495,SHALE,PUESTO SILVA OESTE,80621.335542
137565,-38.874141,-68.241883,SHALE,CENTENARIO CENTRO,15043.503354
137592,-38.40882,-69.21581,SHALE,AGUADA PICHANA ESTE VACA MUERTA,195.48698399999998
137609,-38.2941,-68.8527,SHALE,LOMA CAMPANA-LLL,54152.66208
137610,-38.3314,-68.9062,SHALE,LOMA CAMPANA-LLL,72542.842218
137680,-37.474275,-69.009682,SHALE,AGUADA DEL CHIVATO,86022.354661122
137741,-38.2981,-68.8059,SHALE,LOMA CAMPANA-LLL,127804.01865
137742,-38.3366,-68.857,SHALE,LOMA CAMPANA-LLL,38669.250114
137745,-38.3278,-68.8084,SHALE,LOMA CAMPANA-LLL,37652.378147999996
137789,-38.900663,-68.199672,SHALE,CENTENARIO CENTRO,4290.712866
143869,-38.3286,-68.8084,SHALE,LOMA CAMPANA-LLL,9682.581017999999
143870,-38.3289,-68.8085,SHALE,LOMA CAMPANA-LLL,35365.65846
143875,-37.848,-68.7437,SHALE,LOMA AMARILLA SUR,47136.327282
143959,-38.420763,-68.283832,SHALE,PUESTO SILVA OESTE,43307.726022
143963,-37.480148,-69.131281,SHALE,LOS TOLDOS ESTE,35717.9878968
144020,-37.657,-69.6089,SHALE,CERRO LAS MINAS,0.0
144107,-38.00016,-69.0275,SHALE,SAN ROQUE VACA MUERTA,52331.338028376
144136,-38.3225,-68.8052,SHALE,LOMA CAMPANA-LLL,53406.566004
144263,-38.3233,-68.8051,SHALE,LOMA CAMPANA-LLL,12596.330868
144264,-38.3233,-68.8052,SHALE,LOMA CAMPANA-LLL,36524.617008
144272,-38.263846,-68.416787,SHALE,LOMA JARILLOSA ESTE,24278.690898
144287,-38.15165,-68.65566,SHALE,AGUADA DEL PONCHO,33250.3564714134
144344,-39.35832,-69.80366,SHALE,TOTORAL,1174.30566
144384,-38.3037,-68.6172,SHALE,LA AMARGA CHICA,133356.088008
144385,-38.2268,-68.741,SHALE,BANDURRIA SUR,209445.748446
144386,-38.3314,-68.9061,SHALE,LOMA CAMPANA-LLL,43605.548052
144387,-38.3278,-68.8083,SHALE,LOMA CAMPANA-LLL,58585.209936
144388,-38.3055,-68.8933,SHALE,LOMA CAMPANA-LLL,135361.52784
144520,-38.3321,-68.797,SHALE,LOMA CAMPANA-LLL,58644.774342
144521,-38.3313,-68.797,SHALE,LOMA CAMPANA-LLL,98792.94513
144522,-38.3313,-68.7971,SHALE,LOMA CAMPANA-LLL,66804.46898399999
144556,-38.433454,-68.228233,SHALE,PUESTO SILVA OESTE,17301.604452
144634,-38.494752,-68.470912,SHALE,SIERRAS BLANCAS,148577.26215193202
144652,-38.3064,-68.834,SHALE,LOMA CAMPANA-LLL,39875.13057
144653,-38.3062,-68.834,SHALE,LOMA CAMPANA-LLL,27757.327685999997
144654,-38.3169,-68.842,SHALE,LOMA CAMPANA-LLL,19913.318106
144655,-38.3306,-68.9062,SHALE,LOMA CAMPANA-LLL,74738.674296
144656,-38.3306,-68.8939,SHALE,LOMA CAMPANA-LLL,107014.279812
144657,-38.3306,-68.894,SHALE,LOMA CAMPANA-LLL,80888.71494
144658,-38.6713,-69.4682,SHALE,LAS TACANAS I,168.315048
144689,-37.482825,-69.010056,SHALE,AGUADA DEL CHIVATO,50281.559131848
144701,-37.839,-69.1898,SHALE,RINCON LA CENIZA,8262.28128
144702,-38.26354,-69.58819,SHALE,AGUADA DE CASTRO,0.0
144850,-38.2673,-68.8414,SHALE,BANDURRIA SUR,85918.542204
144852,-38.3138,-68.9116,SHALE,LOMA CAMPANA-LLL,117460.002264
144853,-38.3407,-68.8415,SHALE,LOMA CAMPANA-LLL,78781.694838
144856,-37.4194,-69.0892,SHALE,NARAMBUENA,75269.218926
144882,-37.40471,-69.27226,SHALE,EL TRAPIAL,6172.18074
144931,-38.0233,-69.6047,SHALE,CERRO ARENA,0.1886939999999999
144940,-38.3482,-68.8746,SHALE,LOMA CAMPANA-LLL,49713.132546
144941,-38.3474,-68.8746,SHALE,LOMA CAMPANA-LLL,65414.423184
144942,-38.3474,-68.8749,SHALE,LOMA CAMPANA-LLL,60159.861366
144943,-38.3482,-68.8749,SHALE,LOMA CAMPANA-LLL,26403.63693
144946,-38.3023,-68.814,SHALE,LOMA CAMPANA-LLL,58297.703177999996
145001,-38.01936472,-68.63929861,SHALE,RINCON DE ARANDA,54006.4053606
145032,-37.728267,-69.425286,SHALE,AGUADA LOS LOROS,34294.694213999996
145043,-38.521142,-68.4185,SHALE,SIERRAS BLANCAS,146786.59141310194
145081,-38.3507,-68.8725,SHALE,LOMA CAMPANA-LLL,52653.991433999996
145082,-38.3015,-68.814,SHALE,LOMA CAMPANA-LLL,65106.097188
145083,-38.3015,-68.8137,SHALE,LOMA CAMPANA-LLL,39201.367194
145084,-38.3023,-68.8136,SHALE,LOMA CAMPANA-LLL,63556.353365999996
145085,-38.3074,-68.8198,SHALE,LOMA CAMPANA-LLL,120706.92281999999
145086,-38.3074,-68.8194,SHALE,LOMA CAMPANA-LLL,78931.64366999999
145087,-38.3082,-68.8198,SHALE,LOMA CAMPANA-LLL,78151.142388
145088,-38.3082,-68.8194,SHALE,LOMA CAMPANA-LLL,68522.905242
145089,-38.3201,-68.825,SHALE,LOMA CAMPANA-LLL,45307.63083
145090,-38.3201,-68.8253,SHALE,LOMA CAMPANA-LLL,70969.951932
145091,-38.3193,-68.825,SHALE,LOMA CAMPANA-LLL,73002.68949599999
145092,-38.3193,-68.8253,SHALE,LOMA CAMPANA-LLL,50034.289734
145093,-38.3217,-68.7184,SHALE,LOMA CAMPANA-LLL,77043.382812
145199,-37.9960948,-68.7792702,SHALE,SAN ROQUE VACA MUERTA,3169.8076079999996
145200,-37.6214168,-69.2050092,SHALE,LA ESCALONADA,14864.54785134
145256,-38.357,-68.9029,SHALE,LOMA CAMPANA-LLL,134106.14665799998
145260,-38.3499,-68.8728,SHALE,LOMA CAMPANA-LLL,0.0
145261,-38.3499,-68.8725,SHALE,LOMA CAMPANA-LLL,48762.30348
145263,-38.3209,-68.7181,SHALE,LOMA CAMPANA-LLL,128463.692874
145264,-38.3217,-68.7181,SHALE,LOMA CAMPANA-LLL,73720.35567599999
145295,-37.99184805,-69.32804013,SHALE,SIERRA CHATA,70.036923
145329,-38.067634,-69.9033841,SHALE,CORTADERA,0.0
145330,-38.20704866,-69.79045203,SHALE,HUACALERA,0.0
145386,-38.3093,-68.9011,SHALE,LOMA CAMPANA-LLL,139451.65898399998
145387,-38.3093,-68.9014,SHALE,LOMA CAMPANA-LLL,142103.187072
145388,-38.3101,-68.9014,SHALE,LOMA CAMPANA-LLL,98585.570424
145389,-38.3101,-68.9011,SHALE,LOMA CAMPANA-LLL,97283.644722
145390,-38.3209,-68.7185,SHALE,LOMA CAMPANA-LLL,89136.907068
145458,-37.67672,-69.092815,SHALE,AGUILA MORA,73270.6286862
145475,-37.46091,-69.43494,SHALE,EL TRAPIAL,8293.918974
145542,-38.3321,-68.7971,SHALE,LOMA CAMPANA-LLL,39927.776196
145543,-38.3271,-68.8683,SHALE,LOMA CAMPANA-LLL,38166.317706
145544,-38.3271,-68.8679,SHALE,LOMA CAMPANA-LLL,37210.268106
145545,-38.3008,-68.7457,SHALE,LOMA CAMPANA-LLL,74836.0404
145546,-38.3008,-68.7454,SHALE,LOMA CAMPANA-LLL,55274.951094
145550,-38.3331,-68.5965,SHALE,LOMA CAMPANA,157516.65646199998
145551,-38.3339,-68.5965,SHALE,LOMA CAMPANA,95768.054514
145552,-38.3465,-68.5972,SHALE,LOMA CAMPANA,42466.150782
145608,-37.93449,-69.13419,SHALE,PAMPA DE LAS YEGUAS II,4348.9752834
145713,-38.32799432,-68.86829814,SHALE,LOMA CAMPANA-LLL,28804.264896
145714,-38.32799465,-68.86795573,SHALE,LOMA CAMPANA-LLL,58515.959237999996
145715,-38.32718298,-68.86813023,SHALE,LOMA CAMPANA-LLL,54297.579072
145716,-38.32799404,-68.86812956,SHALE,LOMA CAMPANA-LLL,58755.349025999996
145717,-38.33015055,-68.8694864,SHALE,LOMA CAMPANA-LLL,68908.407084
145718,-38.33096358,-68.86947991,SHALE,LOMA CAMPANA-LLL,84652.59415799999
145719,-38.3301509,-68.86931451,SHALE,LOMA CAMPANA-LLL,55840.781502
145720,-38.33096376,-68.86931545,SHALE,LOMA CAMPANA-LLL,39992.057951999996
145721,-38.32304037,-68.71984619,SHALE,LOMA CAMPANA-LLL,81803.188962
145722,-38.32385259,-68.71984192,SHALE,LOMA CAMPANA-LLL,75735.79629
145723,-38.32384872,-68.72018386,SHALE,LOMA CAMPANA-LLL,61477.574466
145724,-38.32304189,-68.7201833,SHALE,LOMA CAMPANA-LLL,88497.48599999999
145734,-38.33503064,-68.66143456,SHALE,LOMA CAMPANA,111237.31443
145735,-38.33584025,-68.66143296,SHALE,LOMA CAMPANA,99759.121308
145736,-38.34749382,-68.60297199,SHALE,LOMA CAMPANA,87684.277758
145737,-38.34830035,-68.60296495,SHALE,LOMA CAMPANA,30928.644846
145738,-38.34573378,-68.59728741,SHALE,LOMA CAMPANA,50466.147401999995
145739,-38.34654336,-68.59693952,SHALE,LOMA CAMPANA,58897.624302
145740,-38.34573368,-68.59694435,SHALE,LOMA CAMPANA,51204.695717999995
145752,-37.28061716,-69.14057694,SHALE,AGUA DE AFUERA,23455.7460456
145808,-38.124883,-68.753829,SHALE,AGUADA FEDERAL,10946.0068542
145869,-38.30838388,-68.75112311,SHALE,LOMA CAMPANA-LLL,36274.660356
145870,-38.30838351,-68.75077919,SHALE,LOMA CAMPANA-LLL,27652.288026
145871,-38.33142959,-68.69841022,SHALE,LOMA CAMPANA-LLL,53416.818377999996
145872,-38.33153692,-68.69225121,SHALE,LOMA CAMPANA-LLL,96894.62059199999
145873,-38.33236135,-68.69223114,SHALE,LOMA CAMPANA-LLL,108013.603236
145874,-38.33235918,-68.6918854,SHALE,LOMA CAMPANA-LLL,93751.67043
145875,-38.33155047,-68.69188929,SHALE,LOMA CAMPANA-LLL,116714.723862
145881,-38.3482753,-68.58376631,SHALE,LOMA CAMPANA,71391.934614
145882,-38.34748776,-68.58376475,SHALE,LOMA CAMPANA,52768.339997999996
145883,-38.3538133,-68.55980925,SHALE,LOMA CAMPANA,88540.759824
145884,-38.35461824,-68.55981353,SHALE,LOMA CAMPANA,53308.508022
145885,-38.33985984,-68.6518266,SHALE,LOMA CAMPANA,58002.271272
145886,-38.34067025,-68.65185326,SHALE,LOMA CAMPANA,77660.286396
145887,-38.33500732,-68.64963003,SHALE,LOMA CAMPANA,57108.993876
145888,-38.33581179,-68.6496273,SHALE,LOMA CAMPANA,60096.711773999996
145889,-38.33476543,-68.6380597,SHALE,LOMA CAMPANA,81669.970998
145890,-38.3339522,-68.63808387,SHALE,LOMA CAMPANA,42401.365842
145972,-37.38617,-69.54439,SHALE,CURAMCHED,38708.561364
145974,-37.601639722,-68.980495278,SHALE,POZOS SIN YACIMIENTO,9069.891599999999
145976,-38.0188664,-69.0834588,SHALE,SAN ROQUE VACA MUERTA,23165.7894105
145984,-38.3090299,-69.1120169,SHALE,AGUADA PICHANA ESTE VACA MUERTA,11039.868847722
146039,-38.30757309,-68.75112496,SHALE,LOMA CAMPANA-LLL,25719.809874
146040,-38.30757254,-68.75078128,SHALE,LOMA CAMPANA-LLL,46598.360688
146046,-38.33912756,-68.57211769,SHALE,LOMA CAMPANA,126471.27292799999
146047,-38.34507824,-68.57780244,SHALE,LOMA CAMPANA,114987.985068
146048,-38.34426812,-68.57778918,SHALE,LOMA CAMPANA,108851.781984
146049,-38.35058911,-68.5781467,SHALE,LOMA CAMPANA,89284.277082
146050,-38.33945284,-68.58380227,SHALE,LOMA CAMPANA,78053.335998
146051,-38.34026205,-68.5837894,SHALE,LOMA CAMPANA,55500.063036
146207,-37.7737582,-68.54005585,SHALE,CERRO AVISPA,5726.737104
146212,-38.32209194,-68.74401484,SHALE,LOMA CAMPANA-LLL,40135.088004
146213,-38.32289894,-68.74401223,SHALE,LOMA CAMPANA-LLL,14115.065976
146214,-38.32570323,-68.7494553,SHALE,LOMA CAMPANA-LLL,75252.73965
146215,-38.32650978,-68.74944978,SHALE,LOMA CAMPANA-LLL,93091.87041
146221,-38.34861459,-68.57035875,SHALE,LOMA CAMPANA,48090.049656
146222,-38.34780297,-68.57037533,SHALE,LOMA CAMPANA,69977.421492
146223,-38.34978273,-68.57811969,SHALE,LOMA CAMPANA,73909.175472
146224,-38.34213498,-68.61532278,SHALE,LOMA CAMPANA,400035.745758
146225,-38.333261,-68.60376163,SHALE,LOMA CAMPANA,148907.61850799999
146226,-38.33407188,-68.60376167,SHALE,LOMA CAMPANA,183997.154748
146227,-38.35323298,-68.6169402,SHALE,LOMA CAMPANA,160472.044788
146274,-38.3973506,-69.2149841,SHALE,AGUADA PICHANA ESTE VACA MUERTA,0.0
146275,-38.796328819075,-69.75156111836,SHALE,BAJO GUANACO,1012.6578000000001
146278,-37.470908,-69.347066,SHALE,EL TRAPIAL,49228.000272
146712,-37.8258839,-69.19025,SHALE,RINCON LA CENIZA,25201.4391707694
146773,-38.31737667,-68.77392447,SHALE,LOMA CAMPANA-LLL,83567.414964
146774,-38.31737547,-68.7735812,SHALE,LOMA CAMPANA-LLL,28518.770873999998
146775,-38.32001001,-68.74986026,SHALE,LOMA CAMPANA-LLL,44644.811706
146776,-38.32000567,-68.74951539,SHALE,LOMA CAMPANA-LLL,44483.66703
146777,-38.32080853,-68.74951263,SHALE,LOMA CAMPANA-LLL,34180.156956
146779,-38.33993595,-68.57203058,SHALE,LOMA CAMPANA,79412.310186
146887,-38.0078949,-69.0359123,SHALE,SAN ROQUE VACA MUERTA,80369.31489841979
146977,-37.97736018,-69.22278123,SHALE,EL OREJANO,64.47045
146978,-37.97737903,-69.22243505,SHALE,EL OREJANO,25.284996
146979,-37.97819037,-69.22278818,SHALE,EL OREJANO,103.40431199999999
146980,-37.9781903,-69.22244638,SHALE,EL OREJANO,290.777454
146981,-38.33224099,-68.69840446,SHALE,LOMA CAMPANA-LLL,70252.097058
146982,-38.31656544,-68.77392687,SHALE,LOMA CAMPANA-LLL,64541.83923
146983,-38.31656351,-68.77358373,SHALE,LOMA CAMPANA-LLL,60298.299864
146984,-38.31358717,-68.77019166,SHALE,LOMA CAMPANA-LLL,74446.638882
146985,-38.31439723,-68.77018602,SHALE,LOMA CAMPANA-LLL,53799.867198
146986,-38.3143971,-68.76984379,SHALE,LOMA CAMPANA-LLL,42203.048448
146987,-38.31358767,-68.7698491,SHALE,LOMA CAMPANA-LLL,61376.49738
146988,-38.31100753,-68.77433688,SHALE,LOMA CAMPANA-LLL,60211.752216
146989,-38.31182209,-68.77433092,SHALE,LOMA CAMPANA-LLL,19167.096234
146990,-38.31182566,-68.77398652,SHALE,LOMA CAMPANA-LLL,23837.335632
146991,-38.31101885,-68.77399589,SHALE,LOMA CAMPANA-LLL,60882.496488
146992,-38.3208114,-68.74984481,SHALE,LOMA CAMPANA-LLL,134917.090572
146999,-38.33339063,-68.63380171,SHALE,LOMA CAMPANA,114534.050202
147000,-38.33416195,-68.63379714,SHALE,LOMA CAMPANA,88815.74987999999
147001,-38.3341467,-68.63413839,SHALE,LOMA CAMPANA,84522.269502
147002,-38.33338743,-68.63413157,SHALE,LOMA CAMPANA,94953.148026
147021,-38.321644,-68.539161,SHALE,CRUZ DE LORENA,374407.2158821474
147153,-38.31579724,-68.74484447,SHALE,LOMA CAMPANA-LLL,44752.493082
147154,-38.31579509,-68.74518488,SHALE,LOMA CAMPANA-LLL,37162.088238
147155,-38.3185854,-68.89967083,SHALE,LOMA CAMPANA-LLL,110461.656294
147156,-38.31939562,-68.89932826,SHALE,LOMA CAMPANA-LLL,98039.867376
147157,-38.31858519,-68.89932858,SHALE,LOMA CAMPANA-LLL,113656.119918
147158,-38.31939538,-68.89967269,SHALE,LOMA CAMPANA-LLL,91650.688536
147165,-38.33914451,-68.66404573,SHALE,LOMA CAMPANA,185275.116312
147166,-38.33915452,-68.66370334,SHALE,LOMA CAMPANA,96119.717232
147167,-38.33996176,-68.66403681,SHALE,LOMA CAMPANA,89304.341544
147190,-37.71063,-69.14029,SHALE,BAJO DEL CHOIQUE,354240.152244
147284,-38.1029978,-69.08227628,SHALE,BAJADA DE AÑELO,23076.64722
147292,-38.31496778,-68.74487551,SHALE,LOMA CAMPANA-LLL,98397.065118
147293,-38.31123257,-68.89020005,SHALE,LOMA CAMPANA-LLL,111851.639196
147294,-38.31204214,-68.88985536,SHALE,LOMA CAMPANA-LLL,59442.635471999994
147295,-38.31123126,-68.8898567,SHALE,LOMA CAMPANA-LLL,78445.505028
147296,-38.31204327,-68.89019837,SHALE,LOMA CAMPANA-LLL,68523.91161
147297,-38.31408624,-68.90367822,SHALE,LOMA CAMPANA-LLL,125229.792204
147298,-38.3148963,-68.90333091,SHALE,LOMA CAMPANA-LLL,97810.415472
147299,-38.31408686,-68.90333393,SHALE,LOMA CAMPANA-LLL,118586.253852
147300,-38.31489767,-68.90367508,SHALE,LOMA CAMPANA-LLL,86126.357196
147301,-38.31283158,-68.89709409,SHALE,LOMA CAMPANA-LLL,77071.12083
147302,-38.31364232,-68.89744249,SHALE,LOMA CAMPANA-LLL,77126.659764
147312,-38.35479427,-68.57222617,SHALE,LOMA CAMPANA,45586.835052
147313,-38.35478635,-68.57188438,SHALE,LOMA CAMPANA,46442.436546
147314,-38.35560211,-68.57223538,SHALE,LOMA CAMPANA,48246.288287999996
147315,-38.35559581,-68.57189139,SHALE,LOMA CAMPANA,23957.156322
147316,-38.33996031,-68.66368657,SHALE,LOMA CAMPANA,86849.747094
147317,-38.3482079,-68.60250627,SHALE,LOMA CAMPANA,72004.812726
147318,-38.34741199,-68.60250856,SHALE,LOMA CAMPANA,31018.022903999998
147327,-38.5361592,-69.1016206,SHALE,FORTIN DE PIEDRA,82563.861397908
147415,-37.735703,-69.083233,SHALE,AGUILA MORA,37568.975399999996
147463,-38.31498329,-68.7452146,SHALE,LOMA CAMPANA-LLL,27051.926616
147465,-38.31283143,-68.89743643,SHALE,LOMA CAMPANA-LLL,51929.532269999996
147466,-38.31364301,-68.89709878,SHALE,LOMA CAMPANA-LLL,64641.406764
147467,-38.30651515,-68.9184179,SHALE,LOMA CAMPANA-LLL,139257.241266
147468,-38.30732697,-68.91807434,SHALE,LOMA CAMPANA-LLL,75473.19714
147469,-38.30650671,-68.91806497,SHALE,LOMA CAMPANA-LLL,115015.031208
147470,-38.30732388,-68.91842111,SHALE,LOMA CAMPANA-LLL,73768.472646
147471,-38.30366021,-68.90495576,SHALE,LOMA CAMPANA-LLL,72534.225192
147472,-38.30446883,-68.9046075,SHALE,LOMA CAMPANA-LLL,200041.931364
147473,-38.30446659,-68.90495929,SHALE,LOMA CAMPANA-LLL,107225.176806
147474,-38.30366165,-68.90461313,SHALE,LOMA CAMPANA-LLL,45082.77048
147486,-38.33328131,-68.60329385,SHALE,LOMA CAMPANA,55288.725756
147487,-38.33321697,-68.59608374,SHALE,LOMA CAMPANA,66332.608188
147488,-38.33461906,-68.63771708,SHALE,LOMA CAMPANA,284551.872858
147617,-38.3095865,-68.90768751,SHALE,LOMA CAMPANA-LLL,123675.960012
147618,-38.30489408,-68.91178377,SHALE,LOMA CAMPANA-LLL,88661.523984
147619,-38.30570533,-68.91143843,SHALE,LOMA CAMPANA-LLL,102155.849598
147620,-38.30489508,-68.91143953,SHALE,LOMA CAMPANA-LLL,82823.45741999999
147621,-38.30570586,-68.9117821,SHALE,LOMA CAMPANA-LLL,100980.34887599999
147622,-38.30876778,-68.89413595,SHALE,LOMA CAMPANA-LLL,70536.458916
147623,-38.30895723,-68.8941375,SHALE,LOMA CAMPANA-LLL,85814.508912
147624,-38.30867417,-68.89503532,SHALE,LOMA CAMPANA-LLL,166588.4979
147625,-38.30096594,-68.92017998,SHALE,LOMA CAMPANA-LLL,87438.47237399999
147626,-38.30096327,-68.91983645,SHALE,LOMA CAMPANA-LLL,118555.685424
147627,-38.30015234,-68.91222587,SHALE,LOMA CAMPANA-LLL,118231.383336
147628,-38.3029058,-68.89714138,SHALE,LOMA CAMPANA-LLL,100005.241182
147629,-38.30290277,-68.89676709,SHALE,LOMA CAMPANA-LLL,59011.406784
147630,-38.30209525,-68.89711646,SHALE,LOMA CAMPANA-LLL,84347.41306199999
147631,-38.30209477,-68.89677509,SHALE,LOMA CAMPANA-LLL,74818.617654
147641,-38.33395955,-68.60328375,SHALE,LOMA CAMPANA,45766.974923999995
147642,-38.33390648,-68.59607716,SHALE,LOMA CAMPANA,51596.047074
152794,-38.42652,-68.28202,SHALE,PUESTO SILVA OESTE,148207.689564
152850,-38.35666375,-68.88384765,SHALE,LOMA CAMPANA-LLL,35668.952616
152851,-38.3558682,-68.88385407,SHALE,LOMA CAMPANA-LLL,18521.448264
152852,-38.35587155,-68.88350798,SHALE,LOMA CAMPANA-LLL,22679.131859999998
152853,-38.30958741,-68.90734541,SHALE,LOMA CAMPANA-LLL,106215.97839599999
152854,-38.3017764,-68.91982401,SHALE,LOMA CAMPANA-LLL,110135.718858
152855,-38.30177673,-68.92017201,SHALE,LOMA CAMPANA-LLL,74587.844892
152856,-38.29934203,-68.91251242,SHALE,LOMA CAMPANA-LLL,84427.35642
152857,-38.29934286,-68.91216683,SHALE,LOMA CAMPANA-LLL,111133.97301599999
152858,-38.30015261,-68.912456,SHALE,LOMA CAMPANA-LLL,97357.990158
152859,-38.29670868,-68.91751001,SHALE,LOMA CAMPANA-LLL,68804.939874
152860,-38.2958956,-68.91785902,SHALE,LOMA CAMPANA-LLL,98391.3414
152861,-38.29589879,-68.91751813,SHALE,LOMA CAMPANA-LLL,104277.776526
152863,-38.33128164,-68.91465609,SHALE,LOMA CAMPANA-LLL,26077.447902
152876,-38.33506682,-68.66095321,SHALE,LOMA CAMPANA,84870.59862599999
152877,-38.33573597,-68.66097743,SHALE,LOMA CAMPANA,73535.687148
152937,-38.82537101,-68.43201831,SHALE,AGUA DEL CAJON,45148.373093999995
152938,-38.82922118,-68.41167108,SHALE,AGUA DEL CAJON,19767.772134
152939,-38.83354642,-68.4130313,SHALE,AGUA DEL CAJON,30468.10569
152940,-38.8405013,-68.40428969,SHALE,AGUA DEL CAJON,23677.574711999998
152986,-38.29824634,-68.9044891,SHALE,LOMA CAMPANA-LLL,115386.758388
152987,-38.29841742,-68.90448933,SHALE,LOMA CAMPANA-LLL,73278.182736
152988,-38.32515062,-68.9205591,SHALE,LOMA CAMPANA-LLL,48030.107862
152989,-38.32514958,-68.92021785,SHALE,LOMA CAMPANA-LLL,66662.13081
152990,-38.32596082,-68.92021742,SHALE,LOMA CAMPANA-LLL,48897.471282
152991,-38.32596141,-68.92056062,SHALE,LOMA CAMPANA-LLL,66737.9229
152993,-38.37181685,-68.64386806,SHALE,LOMA CAMPANA-LLL,275733.950646
152994,-38.37262717,-68.64386283,SHALE,LOMA CAMPANA-LLL,138651.596424
152995,-38.37262261,-68.64351863,SHALE,LOMA CAMPANA-LLL,67870.71588
153074,-37.8760427,-69.260069,SHALE,RINCON LA CENIZA,10651.817665156725
153076,-37.564147,-69.278317,SHALE,LA INVERNADA,58632.509232
153144,-38.23186275,-69.02404003,SHALE,BAJADA DE AÑELO,18001.470498
153154,-38.33128148,-68.91431401,SHALE,LOMA CAMPANA-LLL,59738.759256
153155,-38.33047012,-68.91465624,SHALE,LOMA CAMPANA-LLL,48819.163272000005
153156,-38.33046934,-68.91431451,SHALE,LOMA CAMPANA-LLL,79913.104062
153157,-38.33720544,-68.90994028,SHALE,LOMA CAMPANA-LLL,53218.941269999996
153158,-38.33720552,-68.91028159,SHALE,LOMA CAMPANA-LLL,59415.149046
153159,-38.33776577,-68.9038006,SHALE,LOMA CAMPANA-LLL,62450.983914
153160,-38.33695538,-68.90428229,SHALE,LOMA CAMPANA-LLL,63660.260861999996
153161,-38.33776626,-68.90428168,SHALE,LOMA CAMPANA-LLL,54480.98964
153162,-38.33699192,-68.90380219,SHALE,LOMA CAMPANA-LLL,54257.575944
153163,-38.33654472,-68.89660442,SHALE,LOMA CAMPANA-LLL,53775.90306
153164,-38.33654458,-68.8969495,SHALE,LOMA CAMPANA-LLL,43941.737862
153218,-38.47493,-68.176387,SHALE,CINCO SALTOS,0.0
153313,-38.64398342,-69.80531259,SHALE,CERRO PARTIDO,1887.1915919999997
153318,-37.97229509,-69.22700307,SHALE,EL OREJANO,140.765724
153319,-37.97310619,-69.22700625,SHALE,EL OREJANO,149.823036
153322,-38.29779771,-68.90505738,SHALE,LOMA CAMPANA-LLL,65835.839784
153323,-38.31356564,-68.92052246,SHALE,LOMA CAMPANA-LLL,66169.32498
153324,-38.31370176,-68.92052243,SHALE,LOMA CAMPANA-LLL,48119.17143
153325,-38.31356733,-68.92143651,SHALE,LOMA CAMPANA-LLL,50612.196557999996
153326,-38.31383671,-68.92052217,SHALE,LOMA CAMPANA-LLL,45513.30729
153327,-38.31370274,-68.92143682,SHALE,LOMA CAMPANA-LLL,88939.784736
153328,-38.3138376,-68.9214369,SHALE,LOMA CAMPANA-LLL,49217.622102
153329,-38.34501574,-68.91386623,SHALE,LOMA CAMPANA-LLL,46208.267292
153330,-38.34420641,-68.91352242,SHALE,LOMA CAMPANA-LLL,54468.410039999995
153331,-38.34420595,-68.91386742,SHALE,LOMA CAMPANA-LLL,56273.142353999996
153332,-38.34501675,-68.91352352,SHALE,LOMA CAMPANA-LLL,69835.775196
153333,-38.3380164,-68.90993813,SHALE,LOMA CAMPANA-LLL,35987.027802
153336,-38.33573325,-68.89694779,SHALE,LOMA CAMPANA-LLL,23368.997124
153338,-38.33573313,-68.89660592,SHALE,LOMA CAMPANA-LLL,51222.810342
153346,-38.37378814,-68.5654105,SHALE,LOMA CAMPANA,88731.02627399999
153358,-37.676182,-69.090951,SHALE,AGUILA MORA,180374.8023198
153389,-34.66911,-69.66371,SHALE,VEGA GRANDE,50218.128008399995
153461,-37.9722953,-69.226658,SHALE,EL OREJANO,100.133616
153462,-37.97310685,-69.22666539,SHALE,EL OREJANO,500.35359
153468,-38.31840845,-68.91873779,SHALE,LOMA CAMPANA-LLL,79403.88185399999
153469,-38.34262819,-68.90594065,SHALE,LOMA CAMPANA-LLL,61984.343651999996
153470,-38.34262846,-68.90628324,SHALE,LOMA CAMPANA-LLL,41043.209328
153471,-38.34181794,-68.90594032,SHALE,LOMA CAMPANA-LLL,39696.437352
153472,-38.34181866,-68.90628325,SHALE,LOMA CAMPANA-LLL,47501.701764
153473,-38.34095288,-68.89307053,SHALE,LOMA CAMPANA-LLL,32020.931514
153474,-38.34598822,-68.66871506,SHALE,LOMA CAMPANA-LLL,131382.977748
153540,-38.39859,-69.22211,SHALE,AGUADA PICHANA ESTE VACA MUERTA,0.0
153541,-38.398598,-69.22222,SHALE,AGUADA PICHANA ESTE VACA MUERTA,0.0
153594,-38.31840755,-68.91770716,SHALE,LOMA CAMPANA-LLL,44647.705014
153595,-38.31867835,-68.91770708,SHALE,LOMA CAMPANA-LLL,53456.06673
153596,-38.31881646,-68.91770704,SHALE,LOMA CAMPANA-LLL,53831.819381999994
153597,-38.31826341,-68.91770789,SHALE,LOMA CAMPANA-LLL,39067.331556
153598,-38.31826494,-68.91873623,SHALE,LOMA CAMPANA-LLL,59292.560844
153599,-38.31881511,-68.9187403,SHALE,LOMA CAMPANA-LLL,40584.116826
153600,-38.31867844,-68.91873977,SHALE,LOMA CAMPANA-LLL,56416.298202
153601,-38.34158044,-68.90002334,SHALE,LOMA CAMPANA-LLL,13566.595416
153602,-38.3415805,-68.8996763,SHALE,LOMA CAMPANA-LLL,15342.268854
153603,-38.34291046,-68.92511431,SHALE,LOMA CAMPANA-LLL,68155.895412
153604,-38.34372206,-68.92511198,SHALE,LOMA CAMPANA-LLL,94644.130152
153605,-38.34014097,-68.89341956,SHALE,LOMA CAMPANA-LLL,45484.562904
153606,-38.34095247,-68.89341357,SHALE,LOMA CAMPANA-LLL,43011.790931999996
153607,-38.34014246,-68.89307515,SHALE,LOMA CAMPANA-LLL,36346.678566
153608,-38.34517915,-68.66871612,SHALE,LOMA CAMPANA-LLL,11.258741999999998
153620,-38.38625424,-68.56785404,SHALE,LOMA CAMPANA,379951.848276
153621,-38.3366743,-68.66828087,SHALE,LOMA CAMPANA,476480.088018
153622,-38.33748425,-68.6680475,SHALE,LOMA CAMPANA,260794.60637999998
153644,-38.40001833,-68.35355528,SHALE,COIRON AMARGO SUR ESTE,8619.8949853434
153705,-38.3985966,-69.2219967,SHALE,AGUADA PICHANA ESTE VACA MUERTA,0.0
153745,-38.34899246,-68.8857875,SHALE,LOMA CAMPANA-LLL,53701.746318
153746,-38.34818338,-68.88578328,SHALE,LOMA CAMPANA-LLL,32179.371575999998
153747,-38.34899338,-68.88544316,SHALE,LOMA CAMPANA-LLL,25896.553254
153748,-38.34818737,-68.8854434,SHALE,LOMA CAMPANA-LLL,30148.772544
153749,-38.34683665,-68.92005371,SHALE,LOMA CAMPANA-LLL,58394.566097999996
153751,-38.3501684,-69.31639522,SHALE,LOMA CAMPANA-LLL,42747.556434
153752,-38.3501666,-68.90680605,SHALE,LOMA CAMPANA-LLL,43836.635303999996
153753,-38.350302,-68.9078333,SHALE,LOMA CAMPANA-LLL,28281.959904
153754,-38.350302,-68.90680519,SHALE,LOMA CAMPANA-LLL,44955.716519999994
153755,-38.35056938,-68.90680428,SHALE,LOMA CAMPANA-LLL,23383.841052
153756,-38.35070667,-68.9068049,SHALE,LOMA CAMPANA-LLL,34461.562608
153757,-38.35070812,-68.90783393,SHALE,LOMA CAMPANA-LLL,35903.876646
153758,-38.34953948,-68.89266907,SHALE,LOMA CAMPANA-LLL,27664.301543999998
153759,-38.35036958,-68.89300475,SHALE,LOMA CAMPANA-LLL,43906.326288
153760,-38.34954132,-68.89300539,SHALE,LOMA CAMPANA-LLL,25318.96092
153761,-38.35037963,-68.89266142,SHALE,LOMA CAMPANA-LLL,38494.833959999996
153762,-38.34683536,-68.91988189,SHALE,LOMA CAMPANA-LLL,34889.331906
153764,-38.42455705,-68.99120468,SHALE,LA RIBERA BLOQUE I,75149.712726
153773,-38.38706303,-68.56785152,SHALE,LOMA CAMPANA,356940.111792
153794,-38.35917306,-68.34668778,SHALE,COIRON AMARGO SUR ESTE,0.0
153806,-38.3985696,-69.2288488,SHALE,AGUADA PICHANA ESTE VACA MUERTA,0.0
153861,-37.54828995,-69.08104225,SHALE,BAJO DEL TORO NORTE,138893.31343799998
153867,-38.3460176,-68.9202262,SHALE,LOMA CAMPANA-LLL,45195.98688
153869,-38.31039522,-68.90768488,SHALE,LOMA CAMPANA-LLL,14605.796171999998
153872,-38.35057154,-68.90783341,SHALE,LOMA CAMPANA-LLL,48838.598754
153873,-38.34601659,-68.92005472,SHALE,LOMA CAMPANA-LLL,31962.750863999998
153874,-38.34611114,-68.91999994,SHALE,LOMA CAMPANA-LLL,19467.497081999998
153875,-38.33548041,-68.92143881,SHALE,LOMA CAMPANA-LLL,54448.408476
153876,-38.33627796,-68.92144013,SHALE,LOMA CAMPANA-LLL,58081.396956
153877,-38.33627628,-68.92161192,SHALE,LOMA CAMPANA-LLL,39048.587952
153878,-38.33547765,-68.92161084,SHALE,LOMA CAMPANA-LLL,53234.477075999996
153879,-38.33547542,-68.92178138,SHALE,LOMA CAMPANA-LLL,48757.774824
153880,-38.33627459,-68.92178418,SHALE,LOMA CAMPANA-LLL,68841.42071399999
153881,-38.34471176,-68.88945175,SHALE,LOMA CAMPANA-LLL,32430.145902
153882,-38.34471027,-68.88910721,SHALE,LOMA CAMPANA-LLL,34486.596012
153890,-38.75439083,-68.96357657,TIGHT,SIERRA BARROSA,868.432686
154185,-37.96219341,-69.22116982,SHALE,EL OREJANO,69.062004
154186,-37.96300506,-69.22117157,SHALE,EL OREJANO,22.391688000000002
154187,-37.96219747,-69.22082811,SHALE,EL OREJANO,2181.554232
154188,-37.96300714,-69.22082928,SHALE,EL OREJANO,59.627304
154190,-38.18199767,-68.86687092,SHALE,BANDURRIA CENTRO,176182.065416808
154191,-38.36189411,-68.91160159,SHALE,LOMA CAMPANA-LLL,32306.362638
154192,-38.36202942,-68.9116012,SHALE,LOMA CAMPANA-LLL,54021.83424
154193,-38.31462611,-68.78046726,SHALE,LOMA CAMPANA-LLL,97505.989152
154194,-38.31507616,-68.77987463,SHALE,LOMA CAMPANA-LLL,36568.645608
154199,-38.35301026,-68.91369317,SHALE,LOMA CAMPANA-LLL,35787.892734
154200,-38.35287495,-68.91369333,SHALE,LOMA CAMPANA-LLL,37712.571533999995
154201,-38.35301164,-68.91472429,SHALE,LOMA CAMPANA-LLL,43326.469626
154202,-38.3438998,-68.88944875,SHALE,LOMA CAMPANA-LLL,42467.78613
154203,-38.34390011,-68.88910753,SHALE,LOMA CAMPANA-LLL,30401.370912
154211,-38.35019021,-68.57844851,SHALE,LOMA CAMPANA,255366.00579599998
154212,-38.35019001,-68.57821949,SHALE,LOMA CAMPANA,276663.394392
154220,-38.3985704,-69.2289646,SHALE,AGUADA PICHANA ESTE VACA MUERTA,0.0
154554,-38.12239725,-69.01262056,SHALE,BANDURRIA NORTE,41409.7411332
154555,-37.53564625,-69.5348574,SHALE,LOMA DEL MOLLE,623.885262
154556,-38.36189597,-68.91263261,SHALE,LOMA CAMPANA-LLL,51597.556626
154557,-38.36203083,-68.91263187,SHALE,LOMA CAMPANA-LLL,30211.544748
154558,-38.29770653,-68.90448717,SHALE,LOMA CAMPANA-LLL,59478.738924
154559,-38.29851301,-68.90483673,SHALE,LOMA CAMPANA-LLL,56721.290604
154562,-38.34952429,-68.89826316,SHALE,LOMA CAMPANA-LLL,8808.047225999999
154563,-38.3493896,-68.89929522,SHALE,LOMA CAMPANA-LLL,8587.652634
154564,-38.34952437,-68.89929515,SHALE,LOMA CAMPANA-LLL,9839.888916
154565,-38.34938889,-68.89826381,SHALE,LOMA CAMPANA-LLL,19945.396086
154566,-38.34979473,-68.8982629,SHALE,LOMA CAMPANA-LLL,10903.305402
154567,-38.34993057,-68.89929378,SHALE,LOMA CAMPANA-LLL,8702.944668
154568,-38.34979616,-68.89929397,SHALE,LOMA CAMPANA-LLL,8471.668722
154569,-38.34992761,-68.89826294,SHALE,LOMA CAMPANA-LLL,8125.666824
154570,-38.35287606,-68.91472456,SHALE,LOMA CAMPANA-LLL,30846.940344
154571,-38.61739025,-69.11710565,SHALE,LA RIBERA BLOQUE II,9736.6104
154744,-37.97756492,-69.18061252,SHALE,EL OREJANO,2089.848948
154745,-37.97755999,-69.1809518,SHALE,EL OREJANO,5140.401948
154746,-37.97837876,-69.18094914,SHALE,EL OREJANO,2690.902236
154747,-37.97837334,-69.1806071,SHALE,EL OREJANO,4499.660022
154748,-38.32366955,-68.89240406,SHALE,LOMA CAMPANA-LLL,42269.091348
154749,-38.3236696,-68.89205882,SHALE,LOMA CAMPANA-LLL,44494.611282
154750,-38.32637259,-68.90136431,SHALE,LOMA CAMPANA-LLL,41259.955836
154751,-38.32556144,-68.90136667,SHALE,LOMA CAMPANA-LLL,42444.954156
154752,-38.32637213,-68.90102352,SHALE,LOMA CAMPANA-LLL,20249.885304
154753,-38.3255617,-68.90102462,SHALE,LOMA CAMPANA-LLL,42781.835844
154754,-38.31723509,-68.88038182,SHALE,LOMA CAMPANA-LLL,52560.147617999995
154755,-38.31642295,-68.88038282,SHALE,LOMA CAMPANA-LLL,47425.029102
154756,-38.31642215,-68.88003955,SHALE,LOMA CAMPANA-LLL,37995.046452
154776,-38.35380976,-68.55946594,SHALE,LOMA CAMPANA,167345.978514
154777,-38.35452205,-68.55965188,SHALE,LOMA CAMPANA,213360.960252
154790,-38.467514,-68.485574,SHALE,SIERRAS BLANCAS,493378.26795130526
154791,-38.467516,-68.486259,SHALE,SIERRAS BLANCAS,465304.9611857631
154792,-37.61994,-69.33953,SHALE,LA ESCALONADA,8684.6036112
154906,-38.32285822,-68.89240698,SHALE,LOMA CAMPANA-LLL,47648.3799
154907,-38.32285846,-68.89206207,SHALE,LOMA CAMPANA-LLL,57237.997674
154908,-38.3172342,-68.88003855,SHALE,LOMA CAMPANA-LLL,40609.967904
154909,-38.32528194,-68.87916096,SHALE,LOMA CAMPANA-LLL,26288.722284
154910,-38.32447205,-68.87916482,SHALE,LOMA CAMPANA-LLL,20545.128516
154911,-38.32528113,-68.87881765,SHALE,LOMA CAMPANA-LLL,42128.954604
154912,-38.32447088,-68.87881866,SHALE,LOMA CAMPANA-LLL,60586.938786
154929,-38.33987983,-68.58379502,SHALE,LOMA CAMPANA,248887.952082
154930,-38.35337599,-68.60492683,SHALE,LOMA CAMPANA,323648.766474
154931,-38.35351153,-68.60389841,SHALE,LOMA CAMPANA,111351.348504
154932,-38.35378228,-68.60492611,SHALE,LOMA CAMPANA,339794.49438
154933,-38.35115384,-68.59751514,SHALE,LOMA CAMPANA,262374.415446
155029,-38.32843623,-68.88403041,SHALE,LOMA CAMPANA-LLL,46589.680764
155030,-38.3276195,-68.88403206,SHALE,LOMA CAMPANA-LLL,33723.70617
155031,-38.32843526,-68.88368732,SHALE,LOMA CAMPANA-LLL,31975.833648
155032,-38.32761571,-68.88357267,SHALE,LOMA CAMPANA-LLL,33164.85744
155033,-38.37181419,-68.64352592,SHALE,LOMA CAMPANA,489399.400116
155040,-38.35115748,-68.59786873,SHALE,LOMA CAMPANA,46799.634288
155041,-38.35197691,-68.5978666,SHALE,LOMA CAMPANA,319193.386644
155042,-38.35197437,-68.59752169,SHALE,LOMA CAMPANA,80983.439328
155043,-38.34471498,-68.57779482,SHALE,LOMA CAMPANA,189343.547646
155095,-38.09860796,-68.74699774,SHALE,AGUADA FEDERAL,50727.556339435796
155096,-38.08509704,-68.70820358,SHALE,AGUADA FEDERAL,71003.08987538579
155217,-38.22426033,-68.73303291,SHALE,BANDURRIA SUR,149946.567672
155218,-38.29665782,-68.89735529,SHALE,LOMA CAMPANA-LLL,168892.89192599998
155219,-38.29584721,-68.89735666,SHALE,LOMA CAMPANA-LLL,82225.863522
155220,-38.29584727,-68.89701234,SHALE,LOMA CAMPANA-LLL,66110.452452
155221,-38.29665707,-68.89701246,SHALE,LOMA CAMPANA-LLL,96505.34487
155222,-38.30240598,-68.8895999,SHALE,LOMA CAMPANA-LLL,59073.235518
155223,-38.34367697,-68.86749522,SHALE,LOMA CAMPANA-LLL,31608.320634
155224,-38.34376868,-68.86749539,SHALE,LOMA CAMPANA-LLL,31969.79544
155225,-38.3437693,-68.86852581,SHALE,LOMA CAMPANA-LLL,31866.391128
155226,-38.30240539,-68.88926001,SHALE,LOMA CAMPANA-LLL,72867.270102
155233,-37.41937577,-69.13168912,SHALE,NARAMBUENA,47597.055132
155239,-38.35337658,-68.60389777,SHALE,LOMA CAMPANA,169636.912368
155240,-38.3537817,-68.60389796,SHALE,LOMA CAMPANA,243683.645766
155241,-38.33400894,-68.63767299,SHALE,LOMA CAMPANA,125867.70371999999
155411,-38.30159636,-68.88960318,SHALE,LOMA CAMPANA-LLL,66775.473006
155412,-38.30159595,-68.88925953,SHALE,LOMA CAMPANA-LLL,73291.58001
155413,-38.3068368,-68.87387906,SHALE,LOMA CAMPANA-LLL,34735.923684
155414,-38.30602537,-68.87388172,SHALE,LOMA CAMPANA-LLL,43607.434992
155415,-38.30683661,-68.87353481,SHALE,LOMA CAMPANA-LLL,51739.328718
155416,-38.30602473,-68.87353656,SHALE,LOMA CAMPANA-LLL,31052.491008
155417,-38.31117515,-68.88334616,SHALE,LOMA CAMPANA-LLL,51852.733812
155418,-38.31117499,-68.88300406,SHALE,LOMA CAMPANA-LLL,41419.339368
155419,-38.31198639,-68.88334543,SHALE,LOMA CAMPANA-LLL,73386.55599
155420,-38.31198569,-68.88300264,SHALE,LOMA CAMPANA-LLL,43766.692728
155424,-37.44204199,-69.0492167,SHALE,NARAMBUENA,79366.143054
155430,-38.34859288,-68.58774925,SHALE,LOMA CAMPANA,140457.901188
155451,-38.3985676,-69.2357212,SHALE,AGUADA PICHANA ESTE VACA MUERTA,0.0
155452,-38.3985692,-69.2358356,SHALE,AGUADA PICHANA ESTE VACA MUERTA,0.0
155453,-38.3985714,-69.2359504,SHALE,AGUADA PICHANA ESTE VACA MUERTA,0.0
155525,-37.94891345,-69.2334358,SHALE,EL OREJANO,0.0
155526,-38.30165339,-68.87875419,SHALE,LOMA CAMPANA-LLL,94641.488436
155527,-38.30084152,-68.87875234,SHALE,LOMA CAMPANA-LLL,84990.167724
155528,-38.3008417,-68.87840732,SHALE,LOMA CAMPANA-LLL,71839.957068
155529,-38.31208336,-68.87397288,SHALE,LOMA CAMPANA-LLL,26518.488677999998
155530,-38.3120829,-68.87380091,SHALE,LOMA CAMPANA-LLL,69768.725928
155531,-38.31289398,-68.87414379,SHALE,LOMA CAMPANA-LLL,29494.004364
155532,-38.31289433,-68.87397056,SHALE,LOMA CAMPANA-LLL,19615.118688
155533,-38.31208426,-68.87414416,SHALE,LOMA CAMPANA-LLL,37339.209006
155535,-38.35510528,-68.72783262,SHALE,LOMA CAMPANA-LLL,432182.85066
155536,-38.35591515,-68.72782719,SHALE,LOMA CAMPANA-LLL,478156.319718
155544,-38.36077447,-68.65788497,SHALE,LOMA CAMPANA,263234.10531
155545,-38.36077033,-68.6567755,SHALE,LOMA CAMPANA,226292.663256
155546,-38.36086825,-68.65788395,SHALE,LOMA CAMPANA,531571.943034
155547,-38.36086178,-68.65677976,SHALE,LOMA CAMPANA,398987.613486
155621,-37.94971037,-69.23341386,SHALE,EL OREJANO,5.157635999999999
155624,-38.30165223,-68.87841031,SHALE,LOMA CAMPANA-LLL,57248.50164
155625,-38.29622703,-68.8785043,SHALE,LOMA CAMPANA-LLL,36909.930156
155626,-38.29541839,-68.87849993,SHALE,LOMA CAMPANA-LLL,62432.303208
155627,-38.29622685,-68.87815473,SHALE,LOMA CAMPANA-LLL,27048.781715999998
155628,-38.29541758,-68.87815654,SHALE,LOMA CAMPANA-LLL,40739.66358
155629,-38.30003397,-68.86871224,SHALE,LOMA CAMPANA-LLL,14735.932134
155630,-38.29922012,-68.86871496,SHALE,LOMA CAMPANA-LLL,37689.299274
155631,-38.29921982,-68.86837189,SHALE,LOMA CAMPANA-LLL,32248.622273999998
155632,-38.30003304,-68.86836768,SHALE,LOMA CAMPANA-LLL,44299.312992
155633,-38.29843364,-68.8863107,SHALE,LOMA CAMPANA-LLL,82997.37039
155634,-38.29762276,-68.88631265,SHALE,LOMA CAMPANA-LLL,84040.84821
155635,-38.29843303,-68.88596718,SHALE,LOMA CAMPANA-LLL,99200.27257799999
155636,-38.29762188,-68.88596959,SHALE,LOMA CAMPANA-LLL,222583.568196
155639,-38.35510751,-68.72817515,SHALE,LOMA CAMPANA-LLL,233862.500454
155712,-38.40047,-68.5275,SHALE,CRUZ DE LORENA,15329.897561353619
155713,-38.40047,-68.52694,SHALE,CRUZ DE LORENA,212417.55524061408
155721,-38.3985479,-69.2427084,SHALE,AGUADA PICHANA ESTE VACA MUERTA,0.0
155785,-38.85176694,-68.33793444,SHALE,AGUA DEL CAJON,15321.386718
155821,-38.10954669,-69.06779314,SHALE,BAJADA DE AÑELO,60956.401637999996
155826,-37.95876476,-69.20069682,SHALE,EL OREJANO,560.609874
155827,-37.95876489,-69.20035909,SHALE,EL OREJANO,969.950058
155828,-37.95796393,-69.20031982,SHALE,EL OREJANO,5570.87586
155829,-37.95795425,-69.20066264,SHALE,EL OREJANO,367.38721799999996
155831,-38.68516008,-69.32244859,SHALE,LAS TACANAS II,476.074962
156320,-38.30370767,-68.63173307,SHALE,LA AMARGA CHICA,339145.638612
156331,-38.34643577,-68.60995663,SHALE,LOMA CAMPANA,306985.45092599996
156332,-38.34562528,-68.60996407,SHALE,LOMA CAMPANA,222038.11674
156333,-38.3464303,-68.60961337,SHALE,LOMA CAMPANA,363587.361126
156334,-38.34519782,-68.61864828,SHALE,LOMA CAMPANA,367818.509586
156335,-38.34520063,-68.6196811,SHALE,LOMA CAMPANA,335322.886866
156336,-38.34511109,-68.61968168,SHALE,LOMA CAMPANA,323726.5713
156337,-38.33547639,-68.62954582,SHALE,LOMA CAMPANA,148391.100132
156338,-38.33628842,-68.629541,SHALE,LOMA CAMPANA,268617.23063999997
156339,-38.33547774,-68.62920314,SHALE,LOMA CAMPANA,369014.640852
156379,-38.32166,-68.54027,SHALE,CRUZ DE LORENA,320889.4371532192
156469,-38.01736601,-69.22442701,SHALE,EL OREJANO,3543.421728
156470,-38.01736621,-69.22408538,SHALE,EL OREJANO,31827.583062
156471,-38.0165553,-69.22408154,SHALE,EL OREJANO,30571.132614
156472,-38.01655473,-69.22442557,SHALE,EL OREJANO,3255.537582
156473,-38.30316815,-68.63173717,SHALE,LA AMARGA CHICA,359224.50425399997
156474,-38.29382682,-68.62924053,SHALE,LA AMARGA CHICA,144842.898156
156475,-38.30343633,-68.63173501,SHALE,LA AMARGA CHICA,526409.967072
156476,-38.29465043,-68.92674155,SHALE,LOMA CAMPANA-LLL,92652.96816599999
156477,-38.29465049,-68.92639816,SHALE,LOMA CAMPANA-LLL,119167.49427
156478,-38.2954606,-68.92674165,SHALE,LOMA CAMPANA-LLL,81716.13812999999
156479,-38.2954611,-68.92639722,SHALE,LOMA CAMPANA-LLL,100843.545726
156485,-37.80013164,-69.34184502,SHALE,PAMPA DE LAS YEGUAS I,0.0
156488,-38.34510746,-68.61864841,SHALE,LOMA CAMPANA,418479.137604
156489,-38.33628752,-68.62919719,SHALE,LOMA CAMPANA,949906.289442
156490,-38.33684522,-68.64150345,SHALE,LOMA CAMPANA,330572.200926
156491,-38.33765422,-68.64115392,SHALE,LOMA CAMPANA,343281.119214
156492,-38.34299832,-68.64531082,SHALE,LOMA CAMPANA,279696.90203399997
156493,-38.34299665,-68.64496561,SHALE,LOMA CAMPANA,374516.517606
156550,-38.26580184,-68.66542878,SHALE,LA AMARGA CHICA,481854.218934
156551,-38.15474285,-68.69998257,SHALE,LA AMARGA CHICA,153417.719598
156552,-38.29166625,-68.90817819,SHALE,BANDURRIA SUR,263040.253674
156553,-38.33166506,-68.69137334,SHALE,LOMA CAMPANA-LLL,440544.762372
156554,-38.33209324,-68.69308742,SHALE,LOMA CAMPANA-LLL,540771.8448
156555,-38.33084113,-68.68323414,SHALE,LOMA CAMPANA-LLL,597805.5497699999
156697,-38.3319591,-68.69308844,SHALE,LOMA CAMPANA-LLL,724450.3582799999
156698,-38.33181973,-68.69137165,SHALE,LOMA CAMPANA-LLL,499241.86785
156707,-38.33684435,-68.64115769,SHALE,LOMA CAMPANA,453550.370526
156708,-38.34218827,-68.6453134,SHALE,LOMA CAMPANA,107270.58916199999
156709,-38.33079473,-68.67800725,SHALE,LOMA CAMPANA,479496.67609799997
156710,-38.33079369,-68.67765889,SHALE,LOMA CAMPANA,555292.036794
156714,-38.31738642,-69.11325353,SHALE,AGUADA PICHANA ESTE VACA MUERTA,7092.6640306302
156715,-37.86492861,-69.22225067,SHALE,RINCON LA CENIZA,188776.9410641646
156716,-37.86492861,-69.22236228,SHALE,RINCON LA CENIZA,79031.61066541683
156741,-38.01012169,-69.1790982,SHALE,EL OREJANO,6160.733304
156742,-38.00998709,-69.17909799,SHALE,EL OREJANO,24846.345348
156743,-38.01025638,-69.17909705,SHALE,EL OREJANO,800.188356
156744,-38.17677409,-68.74854325,SHALE,LA AMARGA CHICA,59284.5099
156751,-37.41531225,-69.12172981,SHALE,NARAMBUENA,222603.318168
156756,-38.32998304,-68.67800695,SHALE,LOMA CAMPANA,370691.816022
156757,-38.3299822,-68.67766534,SHALE,LOMA CAMPANA,569562.020544
156758,-38.37017035,-68.61319374,SHALE,LOMA CAMPANA,275097.674478
156759,-38.37017057,-68.61285137,SHALE,LOMA CAMPANA,271203.40770599997
156760,-38.36959747,-68.62166204,SHALE,LOMA CAMPANA,302998.283808
156761,-38.36959518,-68.62131716,SHALE,LOMA CAMPANA,265446.22797
156802,-37.8739352,-69.2176187,SHALE,RINCON LA CENIZA,39436.757597311764
156803,-37.8739381,-69.2177321,SHALE,RINCON LA CENIZA,56627.459507051164
156871,-38.00374166,-69.2072461,SHALE,EL OREJANO,1152.039768
156872,-38.00374181,-69.20690498,SHALE,EL OREJANO,2994.699576
156873,-38.37159502,-68.65533951,SHALE,LOMA CAMPANA-LLL,241334.59415999998
156874,-38.37168484,-68.65534035,SHALE,LOMA CAMPANA-LLL,233251.50928199998
156875,-38.37186375,-68.65534064,SHALE,LOMA CAMPANA-LLL,284791.13685
156965,-38.00293098,-69.20690293,SHALE,EL OREJANO,23088.723636
156966,-38.00293219,-69.20724325,SHALE,EL OREJANO,17262.544793999998
156967,-38.09899288,-68.66222085,SHALE,LA AMARGA CHICA,731586.3250739999
156968,-38.09908279,-68.66222066,SHALE,LA AMARGA CHICA,560774.855454
156969,-38.36294355,-68.68490336,SHALE,LOMA CAMPANA-LLL,691128.633228
156970,-38.36294306,-68.68478757,SHALE,LOMA CAMPANA-LLL,428978.134662
156971,-38.36294203,-68.68467316,SHALE,LOMA CAMPANA-LLL,490485.396984
156972,-38.36294217,-68.68455862,SHALE,LOMA CAMPANA-LLL,483132.369192
156973,-38.3717743,-68.65534038,SHALE,LOMA CAMPANA-LLL,147729.664764
156981,-37.41644968,-68.98712957,SHALE,NARAMBUENA,59411.689655999995
157104,-37.80016777,-69.69035164,SHALE,CERRO ARENA,0.0
157105,-37.97254849,-69.22799958,SHALE,EL OREJANO,0.0
157106,-37.97173796,-69.22802257,SHALE,EL OREJANO,0.0
157107,-37.97173247,-69.22779004,SHALE,EL OREJANO,0.0
157108,-37.97255087,-69.22779325,SHALE,EL OREJANO,0.0
157109,-38.36200262,-68.6935145,SHALE,LOMA CAMPANA-LLL,568677.4859699999
157110,-38.36200136,-68.6931693,SHALE,LOMA CAMPANA-LLL,263275.177704
157111,-38.37205819,-68.63812863,SHALE,LOMA CAMPANA-LLL,588206.434398
157112,-38.37205863,-68.63824226,SHALE,LOMA CAMPANA-LLL,317360.790516
157113,-38.37205907,-68.63835749,SHALE,LOMA CAMPANA-LLL,318994.37737199996
157114,-38.3720597,-68.6384718,SHALE,LOMA CAMPANA-LLL,376656.18176999997
157190,-38.36883316,-68.67131786,SHALE,LOMA CAMPANA-LLL,441542.01016199996
157191,-38.36883248,-68.67097767,SHALE,LOMA CAMPANA-LLL,331723.86330599996
157224,-38.4675107,-68.4848875,SHALE,SIERRAS BLANCAS,161629.11821137147
157249,-37.71180417,-69.2067765,SHALE,LA ESCALONADA,250955.2458072
157319,-38.14316458,-69.58688595,SHALE,CERRO ARENA,0.0
157322,-37.960279,-69.23321585,SHALE,EL OREJANO,371.72718
157329,-38.38517669,-68.57936315,SHALE,LOMA CAMPANA,213573.429696
157330,-38.38517647,-68.57947761,SHALE,LOMA CAMPANA,200598.012582
157331,-38.38517733,-68.57959183,SHALE,LOMA CAMPANA,285450.119196
157332,-38.38517792,-68.57970639,SHALE,LOMA CAMPANA,275893.27128
157333,-38.38501177,-68.57291764,SHALE,LOMA CAMPANA,265382.512296
157334,-38.38501272,-68.57303151,SHALE,LOMA CAMPANA,166899.591408
157335,-38.38501324,-68.57314779,SHALE,LOMA CAMPANA,308748.733458
157336,-38.38501393,-68.57326224,SHALE,LOMA CAMPANA,202843.596978
157364,-38.4662022,-69.0178519,SHALE,FORTIN DE PIEDRA,28487.4040062084
157404,-37.96109001,-69.23321842,SHALE,EL OREJANO,0.0
157405,-37.96109035,-69.2330483,SHALE,EL OREJANO,0.0
157406,-37.9610897,-69.23287761,SHALE,EL OREJANO,0.0
157407,-37.96027976,-69.23287596,SHALE,EL OREJANO,0.0
157408,-37.96108979,-69.23333062,SHALE,EL OREJANO,0.0
157409,-38.33175171,-68.79712553,SHALE,LOMA CAMPANA-LLL,361094.147304
157410,-38.33175186,-68.79695261,SHALE,LOMA CAMPANA-LLL,326425.901868
157516,-38.190184,-68.872133,SHALE,BANDURRIA CENTRO,174177.697681218
157537,-38.19051,-68.87232,SHALE,BANDURRIA CENTRO,75746.69702287379
157552,-37.4799236,-69.1312844,SHALE,LOS TOLDOS ESTE,211070.7025515
157567,-38.09833869,-68.74700437,SHALE,AGUADA FEDERAL,87370.2657828
157733,-38.0980555555556,-68.747,SHALE,AGUADA FEDERAL,54750.2257429314
157790,-37.95887285,-69.22679244,SHALE,EL OREJANO,0.0
157791,-37.9588791,-69.22645188,SHALE,EL OREJANO,0.0
157858,-37.95968414,-69.22679584,SHALE,EL OREJANO,0.0
157859,-37.9596829,-69.22645446,SHALE,EL OREJANO,0.0
157860,-37.95968329,-69.22662618,SHALE,EL OREJANO,756.474246
157861,-38.22183538,-68.69211048,SHALE,LA AMARGA CHICA,515211.292662
157862,-38.22156962,-68.69211286,SHALE,LA AMARGA CHICA,364777.57998
157863,-38.26240557,-68.57795572,SHALE,LA AMARGA CHICA,467199.04783199995
157871,-38.37197926,-68.53930719,SHALE,LOMA CAMPANA,211915.123926
157872,-38.37197709,-68.53919208,SHALE,LOMA CAMPANA,652621.030974
157873,-38.37197629,-68.53907823,SHALE,LOMA CAMPANA,283636.266672
157874,-38.37197457,-68.53896243,SHALE,LOMA CAMPANA,337717.539522
157875,-38.37136351,-68.54828861,SHALE,LOMA CAMPANA,379204.682934
157876,-38.37136192,-68.54794578,SHALE,LOMA CAMPANA,266165.718192
157884,-38.5361589,-69.102195,SHALE,FORTIN DE PIEDRA,13336.4563073214
157903,-38.1316061111111,-69.0149394444445,SHALE,BANDURRIA NORTE,54508.2496332
157905,-37.703625,-69.6962667,SHALE,LOMA RANQUELES,0.0
157907,-38.5365842,-69.1012448,SHALE,FORTIN DE PIEDRA,13369.0713985026
157969,-37.97728412,-69.23329526,SHALE,EL OREJANO,171.019662
157970,-37.97728075,-69.23295152,SHALE,EL OREJANO,413.302758
157972,-38.35490315,-68.7186835,SHALE,LOMA CAMPANA-LLL,266021.870466
157973,-38.35490251,-68.71834097,SHALE,LOMA CAMPANA-LLL,297863.416884
157977,-38.37136289,-68.54817429,SHALE,LOMA CAMPANA,308887.549344
157978,-38.37136281,-68.54806032,SHALE,LOMA CAMPANA,215120.091516
157986,-38.40048,-68.52592,SHALE,CRUZ DE LORENA,403155.95464941167
158038,-37.97809226,-69.23329497,SHALE,EL OREJANO,0.0
158039,-37.97809052,-69.23312322,SHALE,EL OREJANO,0.0
158040,-37.97808924,-69.23295339,SHALE,EL OREJANO,225.92961599999998
158041,-38.26702982,-68.61232124,SHALE,LA AMARGA CHICA,516298.35879599996
158042,-38.2670289,-68.61220801,SHALE,LA AMARGA CHICA,394890.374868
158043,-38.36711141,-68.6981471,SHALE,LOMA CAMPANA-LLL,294696.94286999997
158044,-38.36711317,-68.69837697,SHALE,LOMA CAMPANA-LLL,451930.243842
158045,-38.36711319,-68.69849231,SHALE,LOMA CAMPANA-LLL,370732.007844
158046,-38.35490269,-68.71845492,SHALE,LOMA CAMPANA-LLL,295361.08285199996
158080,-38.40048,-68.5260089,SHALE,CRUZ DE LORENA,432630.6925189638
158086,-37.729379,-69.42423,SHALE,AGUADA LOS LOROS,0.0
158087,-37.72893,-69.425066,SHALE,AGUADA LOS LOROS,0.0
158145,-37.97632754,-69.22753222,SHALE,EL OREJANO,0.0
158146,-37.97633486,-69.22719068,SHALE,EL OREJANO,0.0
158148,-38.36711188,-68.69826232,SHALE,LOMA CAMPANA-LLL,317566.97015999997
158149,-38.37303245,-68.63212728,SHALE,LOMA CAMPANA-LLL,312065.093406
158150,-38.373032,-68.63201434,SHALE,LOMA CAMPANA-LLL,223068.574674
158151,-38.37303191,-68.63189864,SHALE,LOMA CAMPANA-LLL,247632.38220599998
158152,-38.37303128,-68.63178501,SHALE,LOMA CAMPANA-LLL,252900.089706
158171,-38.35917,-68.34669,SHALE,COIRON AMARGO SUR ESTE,164370.27036012
158177,-38.09847222,-68.747,SHALE,AGUADA FEDERAL,42318.6361026
158178,-38.09819444,-68.747,SHALE,AGUADA FEDERAL,98584.4445498
158179,-38.86227777,-68.40555555,SHALE,AGUA DEL CAJON,1425.331578
158236,-37.97714025,-69.22754258,SHALE,EL OREJANO,0.0
158237,-37.97715532,-69.22720208,SHALE,EL OREJANO,0.0
158238,-38.15433578,-68.70021254,SHALE,LA AMARGA CHICA,579160.758528
158239,-38.15433585,-68.70009867,SHALE,LA AMARGA CHICA,408395.267346
158288,-38.4660608,-69.0177464,SHALE,FORTIN DE PIEDRA,149702.02936821
158304,-35.18928,-69.70191,SHALE,PUESTO ROJAS,3420.141648
158305,-35.19889,-69.7133,SHALE,PUESTO ROJAS,3527.445636
158333,-38.4660608,-69.017665,SHALE,FORTIN DE PIEDRA,136005.2518104984
158334,-38.4660608,-69.0175733,SHALE,FORTIN DE PIEDRA,133197.45778018679
158362,-38.3706353,-68.71735917,SHALE,LOMA CAMPANA-LLL,583117.420116
158363,-38.37063503,-68.71724497,SHALE,LOMA CAMPANA-LLL,794986.125318
158364,-38.37063466,-68.71713088,SHALE,LOMA CAMPANA-LLL,593176.508562
158365,-38.37063438,-68.71701634,SHALE,LOMA CAMPANA-LLL,525657.266706
158421,-38.00097342,-69.201678,SHALE,EL OREJANO,684.393138
158422,-38.00097405,-69.20157565,SHALE,EL OREJANO,1387.655676
158423,-38.00097513,-69.20147398,SHALE,EL OREJANO,5009.699904
158424,-38.00097728,-69.20126734,SHALE,EL OREJANO,3587.639022
158425,-38.00097773,-69.2011651,SHALE,EL OREJANO,75.85498799999999
158426,-38.00097621,-69.20136958,SHALE,EL OREJANO,2874.75309
158427,-38.36990583,-68.66463797,SHALE,LOMA CAMPANA-LLL,458755.30582199997
158430,-38.56956094,-69.29451631,SHALE,RINCON DEL MANGRULLO,5845.362732
158431,-38.56956942,-69.29440389,SHALE,RINCON DEL MANGRULLO,6753.484055999999
158432,-38.56958604,-69.29417424,SHALE,RINCON DEL MANGRULLO,7735.51053
158443,-38.36990598,-68.66475308,SHALE,LOMA CAMPANA-LLL,520500.511278
158469,-38.494759,-68.472166,SHALE,SIERRAS BLANCAS,341776.20592568937
158470,-38.494759,-68.471996,SHALE,SIERRAS BLANCAS,333324.1000135538
158471,-38.494755,-68.471825,SHALE,SIERRAS BLANCAS,346478.4308927952
158493,-37.8650319,-69.2243171,SHALE,RINCON LA CENIZA,190591.8621076997
158494,-37.865085,-69.2245344,SHALE,RINCON LA CENIZA,141824.1533882181
158513,-38.19018,-68.86511,SHALE,BANDURRIA CENTRO,98101.494962196
158514,-38.19026,-68.85781,SHALE,BANDURRIA CENTRO,136836.25126756198
158520,-38.19025,-68.85764,SHALE,BANDURRIA CENTRO,216738.71053494
158526,-38.19018,-68.865284,SHALE,BANDURRIA CENTRO,160514.95984180798
158560,-38.36990626,-68.66441025,SHALE,LOMA CAMPANA-LLL,514094.790264
158561,-38.38532205,-68.6051759,SHALE,LOMA CAMPANA-LLL,318438.04456199997
158562,-38.38532128,-68.604947,SHALE,LOMA CAMPANA-LLL,313273.804272
158570,-38.42496667,-68.9911555,SHALE,LA RIBERA BLOQUE I,30342.812874
158571,-38.42496367,-68.99086096,SHALE,LA RIBERA BLOQUE I,58957.503198
158686,-37.710542,-69.14022,SHALE,BAJO DEL CHOIQUE,730922.814072
158750,-38.02107206,-69.21630063,SHALE,EL OREJANO,0.0
158751,-38.02107335,-69.21618845,SHALE,EL OREJANO,0.0
158752,-38.02107839,-69.21584613,SHALE,EL OREJANO,0.0
158753,-38.17637013,-68.74854533,SHALE,LA AMARGA CHICA,347662.15360799996
158754,-38.09219193,-68.60367891,SHALE,LA AMARGA CHICA,397764.058692
158755,-38.3274251,-68.68567957,SHALE,BANDURRIA SUR,692883.172938
158756,-38.34815201,-68.75154509,SHALE,LOMA CAMPANA-LLL,350306.133936
158757,-38.34815212,-68.75143116,SHALE,LOMA CAMPANA-LLL,680782.918596
158802,-38.3689706,-68.9893302,SHALE,LA CALERA,269110.97994
158806,-37.95425425,-69.28531167,SHALE,PARVA NEGRA ESTE,0.0
158807,-38.4032609,-69.2100716,SHALE,AGUADA PICHANA ESTE VACA MUERTA,40.5194388126
158833,-38.17599,-68.84951,SHALE,BANDURRIA CENTRO,152584.966054092
158890,-38.021075,-69.216074,SHALE,EL OREJANO,0.0
158891,-38.02107674,-69.21596047,SHALE,EL OREJANO,315.873756
158892,-38.32730709,-68.68567928,SHALE,BANDURRIA SUR,799147.897284
158893,-38.38532185,-68.60506111,SHALE,LOMA CAMPANA-LLL,411913.34118
158894,-38.38532153,-68.60483346,SHALE,LOMA CAMPANA-LLL,324049.86702
158895,-38.3481517,-68.75131596,SHALE,LOMA CAMPANA-LLL,261010.9755
158896,-38.34815119,-68.75120145,SHALE,LOMA CAMPANA-LLL,415078.36854
158920,-38.49226,-69.0350003,SHALE,FORTIN DE PIEDRA,131846.6999076084
158921,-38.49226,-69.0349144,SHALE,FORTIN DE PIEDRA,106889.80341204
158922,-38.49226,-69.0348272,SHALE,FORTIN DE PIEDRA,150696.962543259
158923,-37.71056,-69.14039,SHALE,BAJO DEL CHOIQUE,381738.65466
158928,-38.5371808,-69.09178,SHALE,FORTIN DE PIEDRA,25553.9430803316
158929,-38.5371808,-69.0917064,SHALE,FORTIN DE PIEDRA,20713.9378730922
158930,-38.5371808,-69.0916308,SHALE,FORTIN DE PIEDRA,26725.1647884936
158931,-38.5371819,-69.0915574,SHALE,FORTIN DE PIEDRA,27376.3216609542
158950,-38.5332753,-69.0801936,SHALE,FORTIN DE PIEDRA,0.0
158953,-38.5332744,-69.0800803,SHALE,FORTIN DE PIEDRA,9426.6266831814
158961,-38.5340344,-69.0904019,SHALE,FORTIN DE PIEDRA,25037.234878167597
158962,-38.5340344,-69.0902883,SHALE,FORTIN DE PIEDRA,25528.9712534736
158963,-38.5340356,-69.0901725,SHALE,FORTIN DE PIEDRA,26057.7759046506
158967,-38.5363833,-69.081225,SHALE,FORTIN DE PIEDRA,24342.776852526
158968,-38.5363833,-69.0811111,SHALE,FORTIN DE PIEDRA,2924.4501835559995
158969,-38.5340334,-69.0905166,SHALE,FORTIN DE PIEDRA,0.0
158973,-38.324017,-68.552529,SHALE,CRUZ DE LORENA,460822.2977865017
158974,-38.324014,-68.552353,SHALE,CRUZ DE LORENA,547505.6108068442
158975,-38.324014,-68.552186,SHALE,CRUZ DE LORENA,537662.9087233148
159005,-38.101425,-68.921287,SHALE,BANDURRIA CENTRO,121987.18424937
159026,-38.17637019,-68.74865831,SHALE,LA AMARGA CHICA,351518.618682
159027,-38.36990614,-68.6645248,SHALE,LOMA CAMPANA-LLL,404401.43304
159044,-38.39826375,-69.21030033,SHALE,AGUADA PICHANA ESTE VACA MUERTA,0.0
159045,-38.39921092,-69.17949469,SHALE,AGUADA PICHANA ESTE VACA MUERTA,0.0
159046,-38.39920661,-69.17971603,SHALE,AGUADA PICHANA ESTE VACA MUERTA,0.0
159065,-38.5363833,-69.0814556,SHALE,FORTIN DE PIEDRA,19768.6085327346
159075,-38.217366,-68.740845,SHALE,BANDURRIA CENTRO,458313.44296913996
159086,-38.64411,-68.59321,SHALE,COIRON AMARGO SUR ESTE,437067.75464219996
159135,-38.26240543,-68.57784077,SHALE,LA AMARGA CHICA,478009.012602
159136,-38.09219277,-68.6037929,SHALE,LA AMARGA CHICA,443508.830622
159137,-38.43596074,-68.56130676,SHALE,LOMA CAMPANA-LLL,524013.867762
159138,-38.42609931,-69.05434838,SHALE,LA RIBERA BLOQUE I,140260.778856
159139,-38.42609981,-69.05423444,SHALE,LA RIBERA BLOQUE I,103377.643248
159168,-38.424881,-68.479415,SHALE,COIRON AMARGO SUR OESTE,558009.1270819384
159184,-38.5363833,-69.0813417,SHALE,FORTIN DE PIEDRA,21195.9150198774
159193,-38.5141,-69.33987,SHALE,AGUADA PICHANA OESTE,0.0
159203,-37.710577,-69.246845,SHALE,AGUADA LOS LOROS,577472.764902
159219,-38.22186572,-69.15918755,SHALE,AGUADA DE LA ARENA,12130.067993999999
159220,-38.22186381,-69.15907415,SHALE,AGUADA DE LA ARENA,6279.10734
159221,-38.2218618,-69.15895926,SHALE,AGUADA DE LA ARENA,33915.419274
159222,-38.26745089,-68.60494776,SHALE,LA AMARGA CHICA,523269.84732
159223,-38.26745051,-68.60483463,SHALE,LA AMARGA CHICA,363218.464356
159224,-38.26744829,-68.60460485,SHALE,LA AMARGA CHICA,720563.89086
159225,-38.39575708,-68.64978039,SHALE,LOMA CAMPANA-LLL,509738.789274
159226,-38.39575638,-68.64966535,SHALE,LOMA CAMPANA-LLL,381007.15092
159227,-38.39575541,-68.64955065,SHALE,LOMA CAMPANA-LLL,707739.743436
159239,-38.39878656,-69.19997847,SHALE,AGUADA PICHANA ESTE VACA MUERTA,0.0
159240,-38.3987873,-69.2002074,SHALE,AGUADA PICHANA ESTE VACA MUERTA,0.0
159280,-38.26744922,-68.60472026,SHALE,LA AMARGA CHICA,476732.81218199997
159281,-38.43595896,-68.56119178,SHALE,LOMA CAMPANA-LLL,365681.927424
159307,-38.12395566,-69.01410011,SHALE,BANDURRIA NORTE,83295.66415499999
159308,-38.12409178,-69.01410208,SHALE,BANDURRIA NORTE,109144.8174762
159309,-38.12423133,-69.01410906,SHALE,BANDURRIA NORTE,143187.0831468
159313,-38.17598,-68.84968,SHALE,BANDURRIA CENTRO,152498.8636421646
159314,-38.152808,-68.780261,SHALE,BANDURRIA CENTRO,236461.85723610778
159329,-38.45985,-69.40022,SHALE,AGUADA PICHANA OESTE,0.0
159336,-38.4630531,-69.0165828,SHALE,FORTIN DE PIEDRA,162789.989653467
159337,-38.4630519,-69.0164681,SHALE,FORTIN DE PIEDRA,162826.919742432
159338,-38.4630511,-69.0163536,SHALE,FORTIN DE PIEDRA,168059.886098214
159339,-38.4630511,-69.0162392,SHALE,FORTIN DE PIEDRA,181593.0203883246
159351,-38.46643,-69.0280028,SHALE,FORTIN DE PIEDRA,210296.90739136198
159353,-38.46643,-69.0279283,SHALE,FORTIN DE PIEDRA,199226.645349468
159354,-38.46643,-69.0278539,SHALE,FORTIN DE PIEDRA,192432.443203902
159376,-37.96212309,-69.21561109,SHALE,EL OREJANO,12.076415999999998
159377,-37.96212355,-69.21540945,SHALE,EL OREJANO,57.300078
159378,-37.9621241,-69.21530669,SHALE,EL OREJANO,0.0
159379,-38.12621435,-68.5653196,SHALE,LA AMARGA CHICA,812201.24502
159380,-38.39575779,-68.64989474,SHALE,LOMA CAMPANA-LLL,90673.81969799999
159381,-38.38973604,-68.58683027,SHALE,LOMA CAMPANA-LLL,192701.608968
159382,-38.38973652,-68.5869675,SHALE,LOMA CAMPANA-LLL,1057760.886534
159398,-38.4632753,-69.0268147,SHALE,FORTIN DE PIEDRA,175466.8115386428
159399,-38.4632753,-69.0267011,SHALE,FORTIN DE PIEDRA,221498.0007892542
159403,-38.4632756,-69.0265867,SHALE,FORTIN DE PIEDRA,157279.8715820904
159404,-38.4632756,-69.0264731,SHALE,FORTIN DE PIEDRA,136916.0576274282
159411,-38.51409,-69.340896,SHALE,AGUADA PICHANA OESTE,0.0
159434,-38.2767241666667,-68.914114475,SHALE,BAJADA DE AÑELO,397973.6580703834
159460,-38.3980252,-69.1871015,SHALE,AGUADA PICHANA ESTE VACA MUERTA,0.0
159461,-38.398024,-69.1873325,SHALE,AGUADA PICHANA ESTE VACA MUERTA,0.0
159462,-38.3982076,-69.1873319,SHALE,AGUADA PICHANA ESTE VACA MUERTA,0.0
159463,-37.9995259,-69.0267041,SHALE,SAN ROQUE VACA MUERTA,125766.0731316
159464,-37.9995254,-69.0269318,SHALE,SAN ROQUE VACA MUERTA,236154.740196276
159492,-38.38973555,-68.58669349,SHALE,LOMA CAMPANA-LLL,988879.148202
159493,-38.37093901,-68.61660737,SHALE,LOMA CAMPANA-LLL,589804.546782
159498,-38.38973589,-68.58676239,SHALE,LOMA CAMPANA,963043.22862
159499,-38.38973658,-68.58703709,SHALE,LOMA CAMPANA,702225.601572
159500,-38.37093949,-68.6168368,SHALE,LOMA CAMPANA,1022586.375096
159501,-38.37093966,-68.61672203,SHALE,LOMA CAMPANA,523957.82564399997
159512,-38.514096,-69.339871,SHALE,AGUADA PICHANA OESTE,0.0
159527,-38.217497,-68.808659,SHALE,BANDURRIA CENTRO,216509.4659175888
159529,-38.46643,-69.0280772,SHALE,FORTIN DE PIEDRA,230244.306023886
159530,-38.5371358,-69.1123814,SHALE,FORTIN DE PIEDRA,36538.9474870464
159531,-38.5371358,-69.1122667,SHALE,FORTIN DE PIEDRA,35728.0409973564
159532,-38.5371361,-69.1121519,SHALE,FORTIN DE PIEDRA,33534.9973134924
159533,-37.915855,-69.478802,SHALE,LOMA ANCHA,0.0
159558,-37.915855,-69.4748802,SHALE,LOMA ANCHA,0.0
159559,-37.6364197,-69.45669167,SHALE,CERRO LAS NIÑAS,285.81134240999995
159561,-38.49551,-69.0362306,SHALE,FORTIN DE PIEDRA,150811.283589384
159565,-38.49551,-69.03646,SHALE,FORTIN DE PIEDRA,164667.850673106
159566,-38.49551,-69.0363453,SHALE,FORTIN DE PIEDRA,176028.141808596
159580,-38.3707334,-68.67723233,SHALE,LOMA CAMPANA-LLL,624076.15743
159581,-38.37073217,-68.67711253,SHALE,LOMA CAMPANA-LLL,487436.54223
159582,-38.37073214,-68.6770362,SHALE,LOMA CAMPANA-LLL,634364.446188
159583,-38.37073204,-68.67696469,SHALE,LOMA CAMPANA-LLL,677234.905314
159584,-38.370732,-68.67688756,SHALE,LOMA CAMPANA-LLL,519811.841076
159590,-38.38973646,-68.5868994,SHALE,LOMA CAMPANA,505066.662936
159607,-38.132538,-68.8307,SHALE,BANDURRIA CENTRO,130547.273784708
159619,-38.132541,-68.830527,SHALE,BANDURRIA CENTRO,220696.267098582
159629,-38.49551,-69.036116,SHALE,FORTIN DE PIEDRA,115710.404261166
159634,-37.7918722,-69.2142497,SHALE,RINCON LA CENIZA,428697.7454492411
159635,-37.7918727,-69.214023,SHALE,RINCON LA CENIZA,390120.22324560664
159636,-38.3984643,-69.2052467,SHALE,AGUADA PICHANA ESTE VACA MUERTA,0.0
159637,-38.398465,-69.205475,SHALE,AGUADA PICHANA ESTE VACA MUERTA,0.0
159669,-38.5812161,-69.1751953,SHALE,FORTIN DE PIEDRA,60188.7360514968
159670,-38.5812164,-69.1750806,SHALE,FORTIN DE PIEDRA,29191.5172019196
159673,-38.4990277,-69.0466,SHALE,FORTIN DE PIEDRA,134893.3658489472
159674,-38.4984455,-69.04862595,SHALE,FORTIN DE PIEDRA,88411.4292897594
159675,-38.4990277,-69.04636944,SHALE,FORTIN DE PIEDRA,130836.398593758
159705,-38.02255284,-69.20794983,SHALE,EL OREJANO,3502.412232
159706,-38.02255338,-69.20784756,SHALE,EL OREJANO,0.0
159707,-38.02255419,-69.20774404,SHALE,EL OREJANO,1534.39671
159708,-38.02255419,-69.20764245,SHALE,EL OREJANO,15.41001
159709,-38.2886643,-68.60916632,SHALE,LA AMARGA CHICA,739118.549268
159710,-38.28866437,-68.60905179,SHALE,LA AMARGA CHICA,462620.26212599996
159711,-38.28866345,-68.60893761,SHALE,LA AMARGA CHICA,517018.91828399996
159739,-38.190217,-68.88237,SHALE,BANDURRIA CENTRO,493991.04343116
159748,-38.190216,-68.882541,SHALE,BANDURRIA CENTRO,238488.86046492538
159753,-37.97292532,-69.21676532,SHALE,EL OREJANO,0.0
159769,-38.5635761,-69.1341467,SHALE,FORTIN DE PIEDRA,41700.341070174596
159770,-38.5635764,-69.1340319,SHALE,FORTIN DE PIEDRA,39141.3034533576
159771,-38.5812164,-69.1750806,SHALE,FORTIN DE PIEDRA,0.0
159783,-38.300263,-69.440498,SHALE,AGUADA PICHANA OESTE,0.0
159805,-38.176168,-68.849682,SHALE,BANDURRIA CENTRO,66503.933660076
159809,-35.25928,-69.71834,SHALE,PUESTO ROJAS,75113.0549476362
159813,-35.26099,-69.71286,SHALE,PUESTO ROJAS,1977.324426
159834,-37.98624531,-69.21317145,SHALE,EL OREJANO,2532.3992759999996
159835,-37.98624522,-69.21307093,SHALE,EL OREJANO,2206.021554
159836,-37.98624622,-69.21286365,SHALE,EL OREJANO,3034.0108259999997
159837,-38.26798017,-68.79822509,SHALE,BANDURRIA SUR,176624.06249399998
159838,-38.26797889,-68.79811346,SHALE,BANDURRIA SUR,128229.02043599999
159840,-38.4343201,-68.59710642,SHALE,LOMA CAMPANA-LLL,309654.40176
159841,-38.43423118,-68.597106,SHALE,LOMA CAMPANA-LLL,534090.567648
159842,-38.43414101,-68.5971065,SHALE,LOMA CAMPANA-LLL,410139.30309
159843,-38.43405048,-68.597107,SHALE,LOMA CAMPANA-LLL,472322.46732
159847,-38.37099497,-68.54777573,SHALE,LOMA CAMPANA,308888.052528
159848,-38.37099452,-68.54766039,SHALE,LOMA CAMPANA,1353344.754102
159864,-35.25987,-69.72091,SHALE,PUESTO ROJAS,16256.02143594
159873,-38.3996047,-69.1625141,SHALE,AGUADA PICHANA ESTE VACA MUERTA,18167.0073036012
159874,-38.3996046,-69.1627463,SHALE,AGUADA PICHANA ESTE VACA MUERTA,12587.197260726
159884,-38.49257,-68.38241,SHALE,MATA MORA NORTE,446456.44306953356
159921,-38.533963,-69.1110701,SHALE,FORTIN DE PIEDRA,38235.1862105928
159922,-38.5339639,-69.1109554,SHALE,FORTIN DE PIEDRA,30948.990839447997
159942,-38.583968,-68.445498,SHALE,LINDERO ATRAVESADO OCCIDENTAL,592935.94698426
159957,-38.5339851,-69.1108499,SHALE,FORTIN DE PIEDRA,39220.040823974996
159958,-38.5330176,-69.1008545,SHALE,FORTIN DE PIEDRA,16448.712081786598
159959,-38.5330169,-69.1007789,SHALE,FORTIN DE PIEDRA,37998.127875338396
159960,-38.533017,-69.1007054,SHALE,FORTIN DE PIEDRA,38242.364155512
159961,-38.51770381931,-69.062658087745,SHALE,FORTIN DE PIEDRA,42543.750742924196
159962,-38.517703880608,-69.062543423918,SHALE,FORTIN DE PIEDRA,42256.1365425606
159963,-38.517703941792,-69.06242876009,SHALE,FORTIN DE PIEDRA,41310.7536382662
159964,-38.517704001643,-69.062316389538,SHALE,FORTIN DE PIEDRA,48300.0256157166
159980,-37.97292397,-69.21710686,SHALE,EL OREJANO,55.35024
159981,-37.97292445,-69.21699339,SHALE,EL OREJANO,0.0
159982,-37.97292518,-69.21683941,SHALE,EL OREJANO,0.0
159983,-38.32745438,-68.6801143,SHALE,BANDURRIA SUR,726172.9458059999
159984,-38.32745461,-68.68000005,SHALE,BANDURRIA SUR,942566.658924
159985,-38.23738487,-68.87244832,SHALE,BANDURRIA SUR,200244.211332
159986,-38.237386,-68.8723333,SHALE,BANDURRIA SUR,465630.560406
159989,-38.37099683,-68.54800218,SHALE,LOMA CAMPANA,504044.696232
160002,-38.4004679,-69.1709086,SHALE,AGUADA PICHANA ESTE VACA MUERTA,4188.0201002046
160003,-38.4004683,-69.1711374,SHALE,AGUADA PICHANA ESTE VACA MUERTA,0.0
160004,-38.4006469,-69.1709093,SHALE,AGUADA PICHANA ESTE VACA MUERTA,14869.088049123
160005,-38.4006484,-69.1711346,SHALE,AGUADA PICHANA ESTE VACA MUERTA,17314.9207951434
160021,-35.24959,-69.71911,SHALE,PUESTO ROJAS,138288.5531431536
160023,-38.5164869,-69.0704802,SHALE,FORTIN DE PIEDRA,39232.1193093192
160024,-38.5164869,-69.0703658,SHALE,FORTIN DE PIEDRA,38869.0812993252
160026,-38.5164872,-69.070250833,SHALE,FORTIN DE PIEDRA,37449.9843912282
160027,-38.51648722,-69.07013639,SHALE,FORTIN DE PIEDRA,36920.9320917558
160049,-38.27352339,-68.66006375,SHALE,LA AMARGA CHICA,636526.313346
160050,-38.27352396,-68.65994844,SHALE,LA AMARGA CHICA,857591.58672
160051,-38.27352408,-68.65983508,SHALE,LA AMARGA CHICA,816507.179202
160052,-38.23738624,-68.87221919,SHALE,BANDURRIA SUR,292159.700448
160053,-38.41024,-68.62842584,SHALE,LOMA CAMPANA-LLL,222808.868832
160054,-38.41032267,-68.62847144,SHALE,LOMA CAMPANA-LLL,686097.296412
160055,-38.41040506,-68.6285159,SHALE,LOMA CAMPANA-LLL,347378.923914
160056,-38.41048745,-68.6285607,SHALE,LOMA CAMPANA-LLL,638142.100068
160057,-38.35615407,-68.73602811,SHALE,LOMA CAMPANA-LLL,537105.080094
160090,-38.3922157,-69.194661,SHALE,AGUADA PICHANA ESTE VACA MUERTA,0.0
160091,-38.3992133,-69.1948905,SHALE,AGUADA PICHANA ESTE VACA MUERTA,0.0
160146,-38.26481467,-68.52323289,SHALE,LA AMARGA CHICA,411003.144222
160148,-38.35615451,-68.73614435,SHALE,LOMA CAMPANA-LLL,508310.50149
160149,-38.35615273,-68.73591463,SHALE,LOMA CAMPANA-LLL,1073550.674658
160150,-38.35615176,-68.73580159,SHALE,LOMA CAMPANA-LLL,748811.760048
160154,-38.53788592,-69.23642325,SHALE,RINCON DEL MANGRULLO,5788.628736
160155,-38.5378858,-69.23630787,SHALE,RINCON DEL MANGRULLO,0.0
160164,-38.584317,-68.446421,SHALE,LINDERO ATRAVESADO OCCIDENTAL,545333.924042424
160169,-38.260845,-69.587721,SHALE,AGUADA DE CASTRO,0.0
160180,-38.260842,-69.587539,SHALE,AGUADA DE CASTRO,0.0
160184,-37.8690757,-69.2656055,SHALE,RINCON LA CENIZA,4975.716673106505
160191,-37.802812,-69.335144,SHALE,PAMPA DE LAS YEGUAS I,6.415596
160192,-37.481167,-69.2043,SHALE,PAMPA DE LAS YEGUAS I,10.06368
160193,-37.481167,-69.20211,SHALE,PAMPA DE LAS YEGUAS I,0.0
160194,-35.1968,-69.70882,SHALE,PUESTO ROJAS,77805.5729640684
160205,-38.5413338889,-69.1251713889,SHALE,FORTIN DE PIEDRA,49497.776285073596
160206,-38.5413338889,-69.1251713889,SHALE,FORTIN DE PIEDRA,0.0
160207,-38.54133361111,-69.12534333333,SHALE,FORTIN DE PIEDRA,34562.1350444766
160208,-38.225003,-68.676371,SHALE,MEDANO DE LA MORA,519258.3104788266
160209,-38.225002,-68.67626,SHALE,MEDANO DE LA MORA,758041.7850373763
160210,-38.225002,-68.676146,SHALE,MEDANO DE LA MORA,444836.92650242336
160211,-38.225002,-68.676031,SHALE,MEDANO DE LA MORA,727363.0996612068
160275,-38.53788005,-69.23619213,SHALE,RINCON DEL MANGRULLO,497.082894
160306,-38.56358342031,-69.129213651247,SHALE,FORTIN DE PIEDRA,87983.9925586446
160307,-38.563580843747,-69.129099483627,SHALE,FORTIN DE PIEDRA,63376.695858761996
160308,-38.563580970225,-69.128984747162,SHALE,FORTIN DE PIEDRA,68844.8480952078
160330,-38.11715669,-69.07808748,SHALE,AGUADA DE LA ARENA,108994.37174999999
160331,-38.1171565,-69.07797367,SHALE,AGUADA DE LA ARENA,203686.493076
160332,-38.61915879,-68.68394525,SHALE,LA ANGOSTURA SUR II,603542.727942
160333,-38.28951847,-68.64584079,SHALE,LA AMARGA CHICA,542683.126326
160334,-38.28951812,-68.64572649,SHALE,LA AMARGA CHICA,683357.396634
160335,-38.4355942,-68.56119169,SHALE,LOMA CAMPANA-LLL,835430.482788
160338,-38.42168959,-68.96996878,SHALE,LA RIBERA BLOQUE I,201854.588826
160339,-38.42168911,-68.96985359,SHALE,LA RIBERA BLOQUE I,96272.93676
160344,-38.42488559,-68.48044554,SHALE,COIRON AMARGO SUR OESTE,407531.614908
160345,-38.42488483,-68.48027378,SHALE,COIRON AMARGO SUR OESTE,325339.27602
160346,-38.42488407,-68.48010201,SHALE,COIRON AMARGO SUR OESTE,371384.76328799996
160371,-38.300127,-69.440489,SHALE,AGUADA PICHANA OESTE,0.0
160426,-38.22344341,-69.15781887,SHALE,AGUADA DE LA ARENA,1800.9584340000001
160427,-38.11715716,-69.07820185,SHALE,AGUADA DE LA ARENA,27604.800036
160428,-37.57979616,-69.13190392,SHALE,BAJO DEL TORO NORTE,372176.145924
160429,-37.57979636,-69.13178955,SHALE,BAJO DEL TORO NORTE,424019.63373
160430,-38.28951778,-68.64561264,SHALE,LA AMARGA CHICA,494252.295306
160431,-38.28951752,-68.64549823,SHALE,LA AMARGA CHICA,546155.0959259999
160432,-38.43559431,-68.56153586,SHALE,LOMA CAMPANA-LLL,588262.9797
160433,-38.43559443,-68.56142202,SHALE,LOMA CAMPANA-LLL,910345.145688
160434,-38.43559481,-68.56130668,SHALE,LOMA CAMPANA-LLL,321793.904454
160435,-38.36811149,-68.71271729,SHALE,LOMA CAMPANA-LLL,811404.32736
160436,-38.36802005,-68.71271766,SHALE,LOMA CAMPANA-LLL,952210.557672
160437,-38.36792997,-68.71271801,SHALE,LOMA CAMPANA-LLL,389427.30618
160447,-38.196908,-68.76103,SHALE,BANDURRIA CENTRO,243106.69562058
160455,-38.196908,-68.761194,SHALE,BANDURRIA CENTRO,276485.5165333536
160461,-38.3795719166667,-69.1723570555556,SHALE,AGUADA PICHANA ESTE VACA MUERTA,25111.941650598
160462,-38.379572,-69.17258594,SHALE,AGUADA PICHANA ESTE VACA MUERTA,30986.509936734
160463,-38.445597938846,-69.052750146846,SHALE,FORTIN DE PIEDRA,265877.33872425
160464,-38.445598010934,-69.052589777313,SHALE,FORTIN DE PIEDRA,199702.299335154
160466,-38.445598082802,-69.052429407778,SHALE,FORTIN DE PIEDRA,267468.158777028
160472,-38.2318625,-69.0250680555556,SHALE,BAJADA DE AÑELO,388333.06967399997
160473,-38.2318622222222,-69.0248391666667,SHALE,BAJADA DE AÑELO,72617.690838
160518,-38.22344339,-69.1577041,SHALE,AGUADA DE LA ARENA,76.73556
160519,-38.22344327,-69.15759025,SHALE,AGUADA DE LA ARENA,618.5389319999999
160520,-38.36820004,-68.71271626,SHALE,LOMA CAMPANA-LLL,636361.3318919999
160521,-38.4437504,-69.04871503,SHALE,LA RIBERA BLOQUE I,158883.870288
160522,-38.44374955,-69.04859945,SHALE,LA RIBERA BLOQUE I,158915.507982
160524,-38.53750199,-69.35421281,SHALE,RINCON DEL MANGRULLO,4364.743812
160525,-38.53750093,-69.35444139,SHALE,RINCON DEL MANGRULLO,7717.773294
160526,-38.53750146,-69.35432762,SHALE,RINCON DEL MANGRULLO,5170.467192
160533,-37.703625781391,-69.696260976419,SHALE,LOMA RANQUELES,0.0
160534,-38.37845628,-69.18966703,SHALE,AGUADA PICHANA ESTE VACA MUERTA,0.0
160535,-38.37845531,-69.18989608,SHALE,AGUADA PICHANA ESTE VACA MUERTA,0.0
160536,-38.00838772,-68.97091192,SHALE,SAN ROQUE VACA MUERTA,247623.5387472
160537,-38.00838825,-68.97113608,SHALE,SAN ROQUE VACA MUERTA,331954.5920394
160557,-38.187551,-69.049676944,SHALE,BAJADA DE AÑELO,127290.896766
160571,-38.22514722,-68.66525278,SHALE,MEDANO DE LA MORA,774851.9162352737
160572,-38.22515,-68.66513611,SHALE,MEDANO DE LA MORA,824212.5670935749
160574,-38.22515,-68.66502222,SHALE,MEDANO DE LA MORA,666112.6568989134
160575,-38.22515278,-68.66490556,SHALE,MEDANO DE LA MORA,808495.7626764546
160577,-38.543535930167,-69.20191609501,SHALE,FORTIN DE PIEDRA,56233.2705381546
160578,-38.54167719966,-69.202082950774,SHALE,FORTIN DE PIEDRA,34757.0653119888
160691,-38.36952382,-68.65061872,SHALE,LOMA CAMPANA,555821.386362
160692,-38.3695233,-68.65050509,SHALE,LOMA CAMPANA,658507.528998
160693,-38.36952242,-68.65039044,SHALE,LOMA CAMPANA,1193363.879796
160694,-38.36952226,-68.65027624,SHALE,LOMA CAMPANA-LLL,1473568.179996
160696,-38.55727014,-68.97186304,SHALE,LOMA LA LATA,586.20936
160697,-38.55724849,-68.97175096,SHALE,LOMA LA LATA,13466.524698
160698,-37.78200975,-69.09388317,SHALE,LAS MANADAS,69386.054496
160699,-37.78201529,-69.09371154,SHALE,LAS MANADAS,66334.872516
160700,-37.78201475,-69.09348041,SHALE,LAS MANADAS,146752.229844
160742,-38.49247,-68.38218,SHALE,MATA MORA NORTE,284125.3753386906
160752,-38.2651944,-69.024722222,SHALE,BAJADA DE AÑELO,207767.62980599998
160753,-38.1875511,-69.04979111111,SHALE,BAJADA DE AÑELO,372324.08202
160754,-38.1875514,-69.0495627777778,SHALE,BAJADA DE AÑELO,230654.262168
160755,-38.494715,-68.4748033333333,SHALE,SIERRAS BLANCAS,645066.79248
160786,-38.583659,-68.433109,SHALE,LINDERO ATRAVESADO OCCIDENTAL,531657.2805244799
160789,-38.583658,-68.433282,SHALE,LINDERO ATRAVESADO OCCIDENTAL,571381.13385672
160810,-38.35372652,-69.01423995,SHALE,LA CALERA,381054.3621588
160811,-38.35372632,-69.01437609,SHALE,LA CALERA,314681.933247
160812,-38.35372658,-69.01451223,SHALE,LA CALERA,361123.898058
160813,-38.35396088,-69.05086013,SHALE,LA CALERA,221850.8127858
160814,-38.35396082,-69.05099684,SHALE,LA CALERA,205495.1690946
160815,-38.35396076,-69.05113516,SHALE,LA CALERA,206215.8166398
160817,-37.83918025,-69.1898325277778,SHALE,RINCON LA CENIZA,120474.0088654146
160818,-37.83917964,-69.19006108,SHALE,RINCON LA CENIZA,386375.4424738471
160846,-38.83327244,-69.11856935,SHALE,BARDA GONZALEZ,217890.6100404
160847,-37.98624567,-69.21296906,SHALE,EL OREJANO,2609.197734
160848,-38.60353394,-68.97496836,SHALE,LOMA LA LATA,3192.1992960000002
160849,-38.44375125,-69.04882992,SHALE,LA RIBERA BLOQUE I,25648.923828
160850,-38.55882561,-69.28650251,SHALE,RINCON DEL MANGRULLO,12450.596201999999
160851,-38.55882607,-69.28638801,SHALE,RINCON DEL MANGRULLO,20617.272522
160852,-38.55882644,-69.28627271,SHALE,RINCON DEL MANGRULLO,10831.853274
160854,-38.38255507,-68.56487335,SHALE,LOMA CAMPANA,1031467.321104
160855,-38.38264494,-68.56488678,SHALE,LOMA CAMPANA,357009.488286
160856,-38.38273363,-68.56489975,SHALE,LOMA CAMPANA,433999.219104
160858,-37.71108,-69.28185,SHALE,AGUADA LOS LOROS,268001.333424
160859,-37.71041,-69.2828,SHALE,AGUADA LOS LOROS,328620.916272
160860,-37.71084,-69.28167,SHALE,AGUADA LOS LOROS,280432.87153199996
160865,-38.4947181,-68.4751463888889,SHALE,SIERRAS BLANCAS,677748.8448719999
160866,-38.4947156,-68.4749166666667,SHALE,SIERRAS BLANCAS,498032.33931
160885,-38.08482075,-68.7082055833333,SHALE,AGUADA FEDERAL,590989.676841861
160886,-38.08495706,-68.70820472,SHALE,AGUADA FEDERAL,954856.1275519661
160888,-38.35397083,-69.01196285,SHALE,LA CALERA,197864.5661388
160897,-38.197805,-68.76102,SHALE,BANDURRIA CENTRO,196112.033566878
160909,-38.197841,-68.76119,SHALE,BANDURRIA CENTRO,299923.861708878
160911,-38.390389,-68.409523,SHALE,COIRON AMARGO SUR ESTE,532935.52387152
160925,-38.31429587,-68.62241254,SHALE,LA AMARGA CHICA,554359.69974
160926,-38.31429604,-68.62229762,SHALE,LA AMARGA CHICA,367480.30704
160927,-38.31429549,-68.62218443,SHALE,LA AMARGA CHICA,627562.530672
160928,-38.35059735,-68.70095907,SHALE,LOMA CAMPANA-LLL,1129454.2283639999
160930,-38.70527017,-68.68999516,SHALE,LA ANGOSTURA SUR I,625675.590672
160931,-38.55882681,-69.28615776,SHALE,RINCON DEL MANGRULLO,20516.447028
160932,-38.38282368,-68.56491272,SHALE,LOMA CAMPANA,1389503.1160559999
160941,-37.71102,-69.14778,SHALE,BAJO DEL CHOIQUE,922123.6138619999
160942,-37.71102,-69.14769,SHALE,BAJO DEL CHOIQUE,856296.4540019999
160943,-37.71102,-69.147597,SHALE,BAJO DEL CHOIQUE,849732.16713
160944,-37.4686806,-69.250425,SHALE,AGUA DE AFUERA,54235.939031999995
160945,-38.445607902789,-68.978843814805,SHALE,FORTIN DE PIEDRA,155549.518241304
160947,-38.39728419,-69.21581667,SHALE,AGUADA PICHANA ESTE VACA MUERTA,0.0
160949,-38.39728386,-69.21604464,SHALE,AGUADA PICHANA ESTE VACA MUERTA,0.0
160950,-38.445607873723,-68.978683445192,SHALE,FORTIN DE PIEDRA,407925.384251814
160951,-38.445607844438,-68.97852307558,SHALE,FORTIN DE PIEDRA,142288.65220317
160958,-38.53205278,-69.44166667,SHALE,EL MANGRULLO,0.0
160960,-38.53205278,-69.44166667,SHALE,EL MANGRULLO,0.0
160961,-38.5323365,-69.44163534,SHALE,EL MANGRULLO,0.0
161210,-35.25654,-69.68967,SHALE,PUESTO ROJAS,17956.2487606788
161211,-35.22823,-69.71674,SHALE,PUESTO ROJAS,0.0
161222,-38.584579,-68.433275,SHALE,LINDERO ATRAVESADO OCCIDENTAL,553811.51976876
161223,-38.043928,-68.527483,SHALE,AGUADA CÁNEPA,964371.47902194
161229,-38.584577,-68.433098,SHALE,LINDERO ATRAVESADO OCCIDENTAL,453191.704996272
161252,-38.69740662,-68.86585079,SHALE,SIERRA BARROSA,263000.627934
161253,-38.31429503,-68.62206872,SHALE,LA AMARGA CHICA,687944.799366
161254,-38.22133523,-68.68677469,SHALE,LA AMARGA CHICA,342084.10737599997
161255,-38.22133501,-68.68665935,SHALE,LA AMARGA CHICA,326831.090784
161256,-38.2213339,-68.68654596,SHALE,LA AMARGA CHICA,346636.601718
161277,-38.35397082,-69.01210036,SHALE,LA CALERA,277572.0063204
161278,-38.35397072,-69.01223685,SHALE,LA CALERA,238824.2469228
161279,-38.34059323,-68.98673887,SHALE,LA CALERA,399320.2935876
161307,-38.34059308,-68.98701271,SHALE,LA CALERA,457298.8271544
161308,-38.34059316,-68.98687567,SHALE,LA CALERA,617428.656504
161311,-35.26328,-69.72689,TIGHT,RIO ATUEL,0.0
161364,-38.12541673,-68.67976527,SHALE,LA AMARGA CHICA,490572.951
161365,-38.12541638,-68.67953695,SHALE,LA AMARGA CHICA,733867.950024
161366,-38.12541634,-68.67942313,SHALE,LA AMARGA CHICA,520290.74644799996
161367,-38.2213335,-68.68643165,SHALE,LA AMARGA CHICA,332039.61126599996
161368,-38.3282802,-68.65990638,SHALE,BANDURRIA SUR,858337.24251
161369,-38.32828004,-68.65979076,SHALE,BANDURRIA SUR,706290.825108
161370,-38.35059844,-68.70075281,SHALE,LOMA CAMPANA-LLL,775185.080142
161371,-38.35059817,-68.70082213,SHALE,LOMA CAMPANA-LLL,661819.800576
161372,-38.35059825,-68.70088963,SHALE,LOMA CAMPANA-LLL,617283.299226
161373,-38.35059698,-68.70102703,SHALE,LOMA CAMPANA-LLL,872791.328706
161374,-38.35059652,-68.7010959,SHALE,LOMA CAMPANA-LLL,520968.912684
161375,-38.42107863,-68.99622446,SHALE,LA RIBERA BLOQUE I,11085.709601999999
161376,-38.4210788,-68.99610937,SHALE,LA RIBERA BLOQUE I,27429.440412
161377,-38.4210788,-68.99599486,SHALE,LA RIBERA BLOQUE I,9587.919527999999
161421,-38.12541669,-68.67965145,SHALE,LA AMARGA CHICA,794905.930368
161422,-38.26482168,-68.52380497,SHALE,LA AMARGA CHICA,514563.694854
161423,-38.26482214,-68.523919,SHALE,LA AMARGA CHICA,585332.687676
161424,-38.3282797,-68.6596733,SHALE,BANDURRIA SUR,807211.798272
161425,-38.32827947,-68.65956249,SHALE,BANDURRIA SUR,858873.070572
161451,-38.319375,-68.401467,SHALE,COIRON AMARGO SUR ESTE,866685.0996639
161460,-38.4643911,-68.5012069444444,SHALE,SIERRAS BLANCAS,481426.386738
161483,-38.669435,-68.518579,SHALE,LINDERO ATRAVESADO OCCIDENTAL,564485.8355670599
161485,-38.669434,-68.518409,SHALE,LINDERO ATRAVESADO OCCIDENTAL,279548.80303218
161512,-38.2648227,-68.52403395,SHALE,LA AMARGA CHICA,395269.83850199997
161513,-38.30476779,-68.65611751,SHALE,BANDURRIA SUR,988027.8237719999
161514,-38.30477325,-68.65600644,SHALE,BANDURRIA SUR,543528.727038
161515,-38.30477309,-68.65589223,SHALE,BANDURRIA SUR,901783.72152
161516,-38.30477276,-68.65577733,SHALE,BANDURRIA SUR,688464.3997439999
161522,-38.01406667,-68.56234444,SHALE,RINCON DE ARANDA,179201.8157943948
161525,-38.37783536,-69.20261989,SHALE,AGUADA PICHANA ESTE VACA MUERTA,0.0
161526,-38.37783617,-69.20169867,SHALE,AGUADA PICHANA ESTE VACA MUERTA,0.0
161527,-38.37783636,-69.20286806,SHALE,AGUADA PICHANA ESTE VACA MUERTA,0.0
161528,-38.37824967,-69.201948,SHALE,AGUADA PICHANA ESTE VACA MUERTA,0.0
161529,-37.79367261,-69.20038736,SHALE,RINCON LA CENIZA,308369.4182695698
161530,-37.79367103,-69.20061639,SHALE,RINCON LA CENIZA,493861.14026723756
161531,-38.466063,-68.501383,SHALE,SIERRAS BLANCAS,403682.760492
161532,-38.466064,-68.501555,SHALE,SIERRAS BLANCAS,442700.46552599996
161533,-38.466065,-68.501726,SHALE,SIERRAS BLANCAS,553332.449604
161567,-38.51405,-69.340505,SHALE,AGUADA PICHANA OESTE,0.0
161568,-38.514046,-69.34062,SHALE,AGUADA PICHANA OESTE,0.0
161577,-38.106601,-68.456737,SHALE,AGUADA CÁNEPA,523102.06281663
161581,-38.44382,-68.338705,SHALE,COIRON AMARGO SUR ESTE,517150.12602792
161582,-38.221425,-68.65329722,SHALE,MEDANO DE LA MORA,710930.3879437584
161583,-38.221425,-68.65318333,SHALE,MEDANO DE LA MORA,578922.9344347548
161584,-38.221425,-68.65306944,SHALE,MEDANO DE LA MORA,939240.9547359035
161585,-38.221425,-68.65295556,SHALE,MEDANO DE LA MORA,502148.1707403348
161603,-37.35094758,-69.17376699,SHALE,CHIHUIDO DE LA SIERRA NEGRA,292931.270214
161604,-37.35102668,-69.17370984,SHALE,CHIHUIDO DE LA SIERRA NEGRA,331606.810128
161605,-38.46659911,-68.50877554,SHALE,LOMA CAMPANA-LLL,760409.3964719999
161606,-38.46659862,-68.50866004,SHALE,LOMA CAMPANA-LLL,490145.93647799996
161607,-38.46659752,-68.50854684,SHALE,LOMA CAMPANA-LLL,569705.931168
161608,-38.46659722,-68.50843283,SHALE,LOMA CAMPANA-LLL,770509.746006
161641,-38.667345,-68.452524,SHALE,LINDERO ATRAVESADO OCCIDENTAL,556194.941798166
161654,-38.358876,-68.294423,SHALE,COIRON AMARGO SUR ESTE,623363.7243636
161685,-38.29835848,-68.63712651,SHALE,LA AMARGA CHICA,772741.052556
161686,-38.29835804,-68.63701288,SHALE,LA AMARGA CHICA,697988.289108
161687,-38.29835786,-68.63689776,SHALE,LA AMARGA CHICA,784711.925712
161688,-38.29835733,-68.63678322,SHALE,LA AMARGA CHICA,1045728.4362359999
161689,-38.36609119,-68.68476888,SHALE,LOMA CAMPANA-LLL,465993.481866
161690,-38.36609114,-68.6846841,SHALE,LOMA CAMPANA-LLL,835726.795266
161691,-38.36609095,-68.68451246,SHALE,LOMA CAMPANA-LLL,656749.78149
161692,-38.36609071,-68.6844255,SHALE,LOMA CAMPANA-LLL,346185.748854
161704,-38.4015753,-68.52766861,SHALE,CRUZ DE LORENA,542853.7686
161705,-38.4015753,-68.5274966666667,SHALE,CRUZ DE LORENA,412350.419382
161706,-38.4015736,-68.5273266666667,SHALE,CRUZ DE LORENA,488551.031892
161707,-38.4015739,-68.5271538888889,SHALE,CRUZ DE LORENA,317237.447538
161720,-38.12629816,-68.56566843,SHALE,LA AMARGA CHICA,377600.09205599996
161721,-38.12629747,-68.56555427,SHALE,LA AMARGA CHICA,624020.681394
161722,-38.12629723,-68.56544091,SHALE,LA AMARGA CHICA,457509.29644199996
161723,-38.36609118,-68.68459759,SHALE,LOMA CAMPANA-LLL,319955.458812
161724,-38.70466594,-69.02321517,SHALE,SIERRA BARROSA,131232.90312
161759,-38.260987,-69.588042,SHALE,AGUADA DE CASTRO,0.0
161769,-38.37806406,-69.17991697,SHALE,AGUADA PICHANA ESTE VACA MUERTA,0.0
161770,-38.37806381,-69.18004247,SHALE,AGUADA PICHANA ESTE VACA MUERTA,0.0
161771,-38.37806486,-69.18016806,SHALE,AGUADA PICHANA ESTE VACA MUERTA,0.0
161772,-38.378064,-69.18029692,SHALE,AGUADA PICHANA ESTE VACA MUERTA,0.0
161774,-38.390164,-68.409522,SHALE,COIRON AMARGO SUR ESTE,744855.64001178
161844,-38.4191522,-68.512635,SHALE,CRUZ DE LORENA,398897.354856
161845,-38.4191522,-68.5124633,SHALE,CRUZ DE LORENA,421493.08396799996
161846,-38.4191522,-68.51229111,SHALE,CRUZ DE LORENA,586053.37296
161847,-38.4191522,-68.5121666,SHALE,CRUZ DE LORENA,454960.669482
161865,-38.22504722,-68.67066111,SHALE,MEDANO DE LA MORA,707211.6391477631
161866,-38.22504722,-68.67054722,SHALE,MEDANO DE LA MORA,988019.290872075
161867,-38.22504722,-68.67043333,SHALE,MEDANO DE LA MORA,776384.3533706634
161868,-38.22504722,-68.67032222,SHALE,MEDANO DE LA MORA,1170565.0746852017
161871,-37.47911,-69.40434,SHALE,EL TRAPIAL,0.0
161872,-37.47911,-69.40434,SHALE,EL TRAPIAL,264612.703674
161873,-37.47911,-69.40423,SHALE,EL TRAPIAL,497337.568002
161874,-37.47911,-69.40412,SHALE,EL TRAPIAL,414510.3996
161875,-37.47911,-69.404,SHALE,EL TRAPIAL,235662.075132
161915,-38.466434,-68.4860983111111,SHALE,SIERRAS BLANCAS,493860.189174
161916,-38.4664332,-68.4859264444444,SHALE,SIERRAS BLANCAS,413210.36083799996
161917,-38.4664325,-68.485754575,SHALE,SIERRAS BLANCAS,334001.39988599997
161918,-38.4664317,-68.4855827083333,SHALE,SIERRAS BLANCAS,423333.35365199996
161932,-38.15409167,-68.61245278,SHALE,BAJADA DEL PALO OESTE,479915.5232706714
161933,-38.15409167,-68.61233889,SHALE,BAJADA DEL PALO OESTE,624566.4231116904
161934,-38.15408889,-68.612225,SHALE,BAJADA DEL PALO OESTE,525435.6765551058
161935,-38.15408889,-68.61210833,SHALE,BAJADA DEL PALO OESTE,638408.8499136282
161948,-38.27831445,-68.65502552,SHALE,LA AMARGA CHICA,591493.4838779999
161949,-38.27831457,-68.65491249,SHALE,LA AMARGA CHICA,739966.98039
161950,-38.27831405,-68.65479684,SHALE,LA AMARGA CHICA,702922.511412
161951,-38.27831372,-68.65468324,SHALE,LA AMARGA CHICA,964059.157116
161952,-38.27673062,-68.65705572,SHALE,LA AMARGA CHICA,600049.624614
161953,-38.27673028,-68.65694144,SHALE,LA AMARGA CHICA,479637.50471999997
161954,-38.27673004,-68.65682738,SHALE,LA AMARGA CHICA,543231.219498
161955,-38.27672962,-68.65671356,SHALE,LA AMARGA CHICA,586212.630696
161957,-37.44189838,-69.05102113,SHALE,NARAMBUENA,395810.63550599996
161958,-37.44189788,-69.05091107,SHALE,NARAMBUENA,138791.481576
161998,-38.21939,-68.53816,SHALE,BAJADA DEL PALO OESTE,971470.5384583122
161999,-38.21938667,-68.53804694,SHALE,BAJADA DEL PALO OESTE,748735.7343674076
162000,-38.21938639,-68.53793278,SHALE,BAJADA DEL PALO OESTE,785339.137680669
162001,-38.21938583,-68.53781861,SHALE,BAJADA DEL PALO OESTE,1187603.085431446
162024,-38.32837786,-68.64328911,SHALE,BANDURRIA SUR,945002.258178
162025,-38.32837733,-68.64317474,SHALE,BANDURRIA SUR,583709.919276
162026,-38.3283768,-68.64305958,SHALE,BANDURRIA SUR,782549.86986
162027,-38.32837672,-68.64294522,SHALE,BANDURRIA SUR,673344.47532
162028,-38.38992641,-68.6023634,SHALE,LOMA CAMPANA-LLL,848894.3657699999
162029,-38.38992582,-68.60213459,SHALE,LOMA CAMPANA-LLL,332634.877938
162030,-38.38992689,-68.60247763,SHALE,LOMA CAMPANA,639166.268202
162031,-38.38992567,-68.60224917,SHALE,LOMA CAMPANA,319885.642032
162073,-38.34337615,-68.95041053,SHALE,LA CALERA,254571.415362
162074,-38.34337655,-68.95027303,SHALE,LA CALERA,511386.42754319997
162080,-38.35487975,-68.62400502,SHALE,LOMA CAMPANA,699407.456682
162081,-38.35487935,-68.62393592,SHALE,LOMA CAMPANA,671864.48538
162082,-38.35487922,-68.62386819,SHALE,LOMA CAMPANA,504097.404756
162083,-38.35487882,-68.62379898,SHALE,LOMA CAMPANA,536790.338502
162084,-38.3548786,-68.62373068,SHALE,LOMA CAMPANA,793301.3394899999
162085,-38.35487856,-68.62366284,SHALE,LOMA CAMPANA,508447.493334
162121,-38.470821979579,-69.052768518962,SHALE,FORTIN DE PIEDRA,172687.15226175598
162122,-38.470822957733,-69.052596635272,SHALE,FORTIN DE PIEDRA,217095.296530992
162123,-38.54107915631,-69.15125961359,SHALE,FORTIN DE PIEDRA,26459.766633465
162124,-38.541079289628,-69.151156383051,SHALE,FORTIN DE PIEDRA,38797.9243830882
162125,-38.541080802234,-69.151031362223,SHALE,FORTIN DE PIEDRA,20541.0577951788
162126,-38.5410795,-69.150949,SHALE,FORTIN DE PIEDRA,28897.451792708398
162127,-38.22058056,-68.613825,SHALE,BAJADA DEL PALO OESTE,706850.330430222
162128,-38.22058056,-68.61371111,SHALE,BAJADA DEL PALO OESTE,935541.3197363772
162130,-38.22058056,-68.61359444,SHALE,BAJADA DEL PALO OESTE,660308.2844790234
162131,-38.22058056,-68.61348056,SHALE,BAJADA DEL PALO OESTE,892016.3398962683
162136,-38.75006476,-68.5266893,SHALE,SIERRA BARROSA,239009.003508
162165,-38.395186,-68.512183,SHALE,CRUZ DE LORENA,516260.116812
162166,-38.395186,-68.512013,SHALE,CRUZ DE LORENA,593504.081346
162167,-38.395186,-68.511841,SHALE,CRUZ DE LORENA,451842.501132
162168,-38.395186,-68.511669,SHALE,CRUZ DE LORENA,376666.81153199996
162169,-38.418877,-68.51148,SHALE,CRUZ DE LORENA,369353.220786
162170,-38.418875,-68.511308,SHALE,CRUZ DE LORENA,444483.68672399997
162171,-38.418875,-68.511136,SHALE,CRUZ DE LORENA,377969.05172399996
162172,-38.418875,-68.510966,SHALE,CRUZ DE LORENA,502671.06681
162178,-38.34058967,-68.9687127,SHALE,LA CALERA,223520.27666099998
162179,-38.34058959,-68.96857581,SHALE,LA CALERA,480577.42098299996
162180,-38.34058955,-68.96843786,SHALE,LA CALERA,364905.4453242
162181,-38.34816,-69.062559,SHALE,LA CALERA,151134.9813534
162182,-38.348167,-69.062422,SHALE,LA CALERA,175450.7883612
162183,-38.348168,-69.062285,SHALE,LA CALERA,139881.3844098
162193,-38.21062891,-69.08572361,SHALE,AGUADA DE LA ARENA,116640.31552799999
162194,-38.21062926,-69.08561057,SHALE,AGUADA DE LA ARENA,157667.10847799998
162195,-38.21062961,-69.08549479,SHALE,AGUADA DE LA ARENA,127334.925366
162196,-38.19634271,-68.6908193,SHALE,LA AMARGA CHICA,446704.363512
162197,-38.19634259,-68.69070549,SHALE,LA AMARGA CHICA,771185.396322
162198,-38.19634229,-68.69059236,SHALE,LA AMARGA CHICA,690984.156522
162199,-38.19634199,-68.69047752,SHALE,LA AMARGA CHICA,434501.774124
162200,-38.26919581,-68.88415542,SHALE,BANDURRIA SUR,868217.88933
162201,-38.26919561,-68.8840408,SHALE,BANDURRIA SUR,568787.746164
162202,-38.26919613,-68.88392744,SHALE,BANDURRIA SUR,351418.610862
162203,-38.2691961,-68.88381226,SHALE,BANDURRIA SUR,1063357.739268
162204,-38.35107771,-68.74935543,SHALE,LOMA CAMPANA-LLL,518180.58144599997
162205,-38.35107756,-68.74928667,SHALE,LOMA CAMPANA-LLL,398492.228838
162206,-38.35107732,-68.74921723,SHALE,LOMA CAMPANA-LLL,402673.750776
162207,-38.35107753,-68.74914859,SHALE,LOMA CAMPANA-LLL,294416.606484
162208,-38.35107712,-68.74908064,SHALE,LOMA CAMPANA-LLL,605918.070912
162209,-38.35107688,-68.7490112,SHALE,LOMA CAMPANA-LLL,628526.945706
162210,-38.3903706,-68.66927946,SHALE,LOMA CAMPANA-LLL,520680.90274199995
162211,-38.39033715,-68.66920544,SHALE,LOMA CAMPANA-LLL,649111.008084
162212,-38.39030361,-68.66913302,SHALE,LOMA CAMPANA-LLL,268066.24416
162213,-38.39026962,-68.66905935,SHALE,LOMA CAMPANA-LLL,647698.2561059999
162214,-38.39023535,-68.66898408,SHALE,LOMA CAMPANA-LLL,601152.98133
162215,-38.42107871,-68.99588001,SHALE,LA RIBERA BLOQUE I,37409.84346
162217,-38.56205757,-69.3595872,SHALE,RINCON DEL MANGRULLO,587.970504
162218,-38.56201248,-69.35977892,SHALE,RINCON DEL MANGRULLO,70.948944
162219,-38.56203804,-69.35967039,SHALE,RINCON DEL MANGRULLO,339.71209799999997
162230,-38.45981,-69.399797,SHALE,AGUADA PICHANA OESTE,0.0
162231,-38.459812,-69.399912,SHALE,AGUADA PICHANA OESTE,0.0
162239,-38.459812,-69.399912,SHALE,AGUADA PICHANA OESTE,0.0
162242,-37.710803,-69.166504,SHALE,BAJO DEL CHOIQUE,997343.2062659999
162243,-37.710803,-69.166596,SHALE,BAJO DEL CHOIQUE,729558.808044
162244,-37.710803,-69.166685,SHALE,BAJO DEL CHOIQUE,875593.245912
162245,-37.710803,-69.166777,SHALE,BAJO DEL CHOIQUE,775277.854692
162246,-37.710803,-69.166867,SHALE,BAJO DEL CHOIQUE,1424544.157938
162247,-37.710803,-69.166957,SHALE,BAJO DEL CHOIQUE,0.0
162268,-38.592217,-68.432856,SHALE,LINDERO ATRAVESADO OCCIDENTAL,472871.26872348
162275,-38.592217,-68.432718,SHALE,LINDERO ATRAVESADO OCCIDENTAL,455790.3685795218
162313,-37.47091,-69.34548,SHALE,EL TRAPIAL,0.0
162314,-37.47091,-69.34548,SHALE,EL TRAPIAL,249164.577486
162315,-37.47091,-69.34548,SHALE,EL TRAPIAL,354258.015276
162316,-37.47091,-69.34548,SHALE,EL TRAPIAL,406129.87007999996
162319,-38.56350787099,-69.18342825373,SHALE,FORTIN DE PIEDRA,76830.2189048922
162320,-38.563508122576,-69.183267623257,SHALE,FORTIN DE PIEDRA,43458.1077557748
162321,-38.563508373943,-69.183106992783,SHALE,FORTIN DE PIEDRA,74487.5657174484
162322,-38.445501892293,-69.036460557373,SHALE,FORTIN DE PIEDRA,200928.227333592
162323,-38.445498342191,-69.036288731258,SHALE,FORTIN DE PIEDRA,190436.522795508
162324,-38.327914,-69.068274,SHALE,LA CALERA,64000.979328
162325,-38.327914,-69.068137,SHALE,LA CALERA,159168.2761746
162326,-38.327914,-69.068,SHALE,LA CALERA,164621.834685
162332,-37.42523635,-69.09381197,SHALE,NARAMBUENA,227951.660904
162333,-37.42523725,-69.09369956,SHALE,NARAMBUENA,135746.212008
162334,-38.53757749,-69.35959019,SHALE,RINCON DEL MANGRULLO,1265.130372
162335,-38.53757784,-69.35947447,SHALE,RINCON DEL MANGRULLO,1403.443074
162336,-38.5375781,-69.35936012,SHALE,RINCON DEL MANGRULLO,841.952628
162352,-38.22068611,-68.64758889,SHALE,BAJADA DEL PALO OESTE,759183.6787478658
162353,-38.22068611,-68.647475,SHALE,BAJADA DEL PALO OESTE,494571.05053888616
162354,-38.22068611,-68.64736111,SHALE,BAJADA DEL PALO OESTE,718387.4243717424
162355,-38.22068611,-68.64724722,SHALE,BAJADA DEL PALO OESTE,802654.9377772728
162357,-38.470823035291,-69.052423605029,SHALE,FORTIN DE PIEDRA,159113.720147646
162362,-38.592212,-68.431455,SHALE,LINDERO ATRAVESADO OCCIDENTAL,471819.86135262
162371,-38.592211,-68.431321,SHALE,LINDERO ATRAVESADO OCCIDENTAL,377666.19533808
162385,-38.328163,-68.510792,SHALE,CRUZ DE LORENA,373521.03096
162386,-38.328162,-68.510623,SHALE,CRUZ DE LORENA,453405.139044
162387,-38.32816,-68.510452,SHALE,CRUZ DE LORENA,593092.791324
162388,-38.328159,-68.51028,SHALE,CRUZ DE LORENA,551509.602666
162390,-38.541090726142,-69.142762592761,,FORTIN DE PIEDRA,28566.2554926672
162391,-38.541090865944,-69.1426478921,SHALE,FORTIN DE PIEDRA,37204.8609410544
162397,-38.20856162,-69.16693746,SHALE,AGUADA DE LA ARENA,110.323092
162398,-38.20856142,-69.16682408,SHALE,AGUADA DE LA ARENA,587.7189119999999
162399,-38.20856149,-69.16670945,SHALE,AGUADA DE LA ARENA,479.534352
162400,-38.26539021,-68.6654237,SHALE,LA AMARGA CHICA,396622.145502
162401,-38.26538989,-68.66530944,SHALE,LA AMARGA CHICA,479357.419926
162402,-38.26539026,-68.66553785,SHALE,LA AMARGA CHICA,304743.829104
162403,-38.26838187,-68.57290811,SHALE,LA AMARGA CHICA,317939.64081
162404,-38.26838127,-68.57279361,SHALE,LA AMARGA CHICA,411710.49513
162405,-38.26838005,-68.57268038,SHALE,LA AMARGA CHICA,336985.343904
162406,-38.26837981,-68.57256554,SHALE,LA AMARGA CHICA,492192.511602
162407,-38.57178697,-69.29034496,SHALE,RINCON DEL MANGRULLO,2221.934748
162408,-38.57178672,-69.29022963,SHALE,RINCON DEL MANGRULLO,1168.581942
162409,-38.57178629,-69.29011523,SHALE,RINCON DEL MANGRULLO,1702.5859619999999
162430,-38.62283,-68.429129,SHALE,LINDERO ATRAVESADO OCCIDENTAL,420331.59000162
162431,-38.622829,-68.428991,SHALE,LINDERO ATRAVESADO OCCIDENTAL,437551.70569176
162439,-38.346856,-69.076225,SHALE,LA CALERA,69135.8525418
162440,-38.346857,-69.076088,SHALE,LA CALERA,101666.3396232
162441,-38.346857,-69.075951,SHALE,LA CALERA,77388.4475298
162450,-38.1336,-69.22733,SHALE,SIERRA CHATA,0.031449
162480,-38.32848767,-68.6747735,SHALE,BANDURRIA SUR,805880.876592
162481,-38.328487,-68.6746588,SHALE,BANDURRIA SUR,472987.17338399997
162482,-38.32848677,-68.67454432,SHALE,BANDURRIA SUR,465718.8063
162483,-38.32848645,-68.67442984,SHALE,BANDURRIA SUR,651239.161914
162484,-38.30481457,-68.67259211,SHALE,BANDURRIA SUR,560408.034318
162485,-38.30481488,-68.67247881,SHALE,BANDURRIA SUR,987726.7939439999
162486,-38.30481447,-68.67236403,SHALE,BANDURRIA SUR,882551.337162
162487,-38.30481425,-68.67225016,SHALE,BANDURRIA SUR,921179.200392
162489,-38.44373585,-69.01944145,SHALE,LA RIBERA BLOQUE I,94818.10601999999
162490,-38.44373632,-69.0193552,SHALE,LA RIBERA BLOQUE I,59277.087935999996
162491,-38.443736,-69.01909655,SHALE,LA RIBERA BLOQUE I,54633.014105999995
162553,-38.23931771,-68.69176971,SHALE,LA AMARGA CHICA,700728.817866
162554,-38.23938988,-68.69170099,SHALE,LA AMARGA CHICA,539636.095614
162555,-38.23946177,-68.69163192,SHALE,LA AMARGA CHICA,283997.426988
162556,-38.2395342,-68.69156296,SHALE,LA AMARGA CHICA,219728.879568
162557,-38.19647208,-68.68704447,SHALE,LA AMARGA CHICA,489644.57652
162558,-38.19647176,-68.68695953,SHALE,LA AMARGA CHICA,304829.370384
162559,-38.19647117,-68.68687186,SHALE,LA AMARGA CHICA,688461.254844
162560,-38.19647085,-68.68678807,SHALE,LA AMARGA CHICA,471666.12669
162561,-38.1964708,-68.68670154,SHALE,LA AMARGA CHICA,470412.632448
162562,-38.33868511,-68.75885652,SHALE,LOMA CAMPANA-LLL,791426.287212
162563,-38.33863124,-68.75885784,SHALE,LOMA CAMPANA-LLL,391906.305054
162564,-38.33857665,-68.75885951,SHALE,LOMA CAMPANA-LLL,752564.066034
162565,-38.33852314,-68.75886083,SHALE,LOMA CAMPANA-LLL,480754.698996
162566,-38.33846882,-68.75886295,SHALE,LOMA CAMPANA-LLL,447610.59789599996
162567,-38.33841495,-68.75886462,SHALE,LOMA CAMPANA-LLL,692507.9863679999
162568,-38.35293124,-68.73334173,SHALE,LOMA CAMPANA-LLL,1010868.3519
162569,-38.35293041,-68.73313546,SHALE,LOMA CAMPANA-LLL,531728.68485
162570,-38.35293035,-68.73306659,SHALE,LOMA CAMPANA-LLL,450784.24228199996
162571,-38.56451013,-69.27682835,SHALE,RINCON DEL MANGRULLO,8969.191901999999
162572,-38.56451098,-69.27662159,SHALE,RINCON DEL MANGRULLO,8346.313008
162590,-38.21587617,-68.56242226,SHALE,BAJADA DEL PALO OESTE,794113.8953916827
162591,-38.21587566,-68.56230853,SHALE,BAJADA DEL PALO OESTE,650651.5997878446
162592,-38.21587568,-68.56219446,SHALE,BAJADA DEL PALO OESTE,751916.5658688552
162593,-38.21587499,-68.56207993,SHALE,BAJADA DEL PALO OESTE,891923.8424371176
162594,-38.541491922154,-69.145585390113,SHALE,FORTIN DE PIEDRA,43288.651983357
162595,-38.466426542389,-69.008727369556,SHALE,FORTIN DE PIEDRA,167069.06724487978
162596,-38.466426555066,-69.00855550328,SHALE,FORTIN DE PIEDRA,225498.32768469598
162597,-38.541492064717,-69.145470693975,SHALE,FORTIN DE PIEDRA,83431.0681578594
162599,-38.508743,-69.350842,SHALE,AGUADA PICHANA OESTE,0.0
162600,-38.508743,-69.35098,SHALE,AGUADA PICHANA OESTE,0.0
162609,-38.357348,-69.187097,SHALE,AGUADA PICHANA ESTE VACA MUERTA,0.0
162610,-38.357347,-69.187325,SHALE,AGUADA PICHANA ESTE VACA MUERTA,0.0
162627,-38.446090520802,-68.967496609372,SHALE,FORTIN DE PIEDRA,251241.90061178998
162628,-38.446090552521,-68.967611154713,SHALE,FORTIN DE PIEDRA,278446.442809194
162636,-38.12641059,-68.67640151,SHALE,LA AMARGA CHICA,226579.100748
162637,-38.12641046,-68.67628803,SHALE,LA AMARGA CHICA,719096.48052
162638,-38.12641023,-68.6761733,SHALE,LA AMARGA CHICA,501639.41381399997
162639,-38.12640947,-68.67605983,SHALE,LA AMARGA CHICA,224966.521824
162640,-38.32843472,-68.65617668,SHALE,BANDURRIA SUR,471792.86616
162641,-38.32843385,-68.65606404,SHALE,BANDURRIA SUR,694429.520268
162642,-38.3284336,-68.65594899,SHALE,BANDURRIA SUR,612001.31388
162643,-38.32843291,-68.65583406,SHALE,BANDURRIA SUR,685350.256866
162644,-38.39326758,-68.66001415,SHALE,LOMA CAMPANA-LLL,427319.137014
162645,-38.39326793,-68.66010492,SHALE,LOMA CAMPANA-LLL,626622.8974499999
162646,-38.39326817,-68.66018676,SHALE,LOMA CAMPANA-LLL,338484.89512199996
162647,-38.3932686,-68.66027284,SHALE,LOMA CAMPANA-LLL,744198.75783
162648,-38.39326876,-68.660358,SHALE,LOMA CAMPANA-LLL,481151.836968
162649,-38.35293082,-68.73327297,SHALE,LOMA CAMPANA-LLL,364043.497422
162650,-38.35293057,-68.7332041,SHALE,LOMA CAMPANA-LLL,455836.14674399997
162651,-38.56568268,-69.33579461,SHALE,RINCON DEL MANGRULLO,9037.436232
162652,-38.56568319,-69.3356809,SHALE,RINCON DEL MANGRULLO,9192.479802
162653,-38.56568379,-69.33556456,SHALE,RINCON DEL MANGRULLO,8928.182406
162675,-38.541080802234,-69.151031362223,SHALE,FORTIN DE PIEDRA,0.0
162679,-38.329993,-68.492935,SHALE,CRUZ DE LORENA,557635.7420699999
162680,-38.329992,-68.492763,SHALE,CRUZ DE LORENA,413333.76671399997
162681,-38.329992,-68.492591,SHALE,CRUZ DE LORENA,486152.039274
162682,-38.329991,-68.49242,SHALE,CRUZ DE LORENA,524945.8274279999
162690,-38.205976,-68.992962,SHALE,BAJADA DE AÑELO,191022.295266
162691,-38.205976,-68.992848,SHALE,BAJADA DE AÑELO,131356.246098
162692,-38.205976,-68.992735,SHALE,BAJADA DE AÑELO,231622.576878
162693,-38.205976,-68.992622,SHALE,BAJADA DE AÑELO,137405.964432
162694,-38.205976,-68.99245,SHALE,BAJADA DE AÑELO,165550.80669599999
162705,-38.20826073,-69.15311409,SHALE,AGUADA DE LA ARENA,16.290582
162706,-38.2082607,-69.15299957,SHALE,AGUADA DE LA ARENA,20.882136
162707,-38.20826067,-69.15288585,SHALE,AGUADA DE LA ARENA,189.95195999999999
162708,-38.20826091,-69.15277202,SHALE,AGUADA DE LA ARENA,245.93118
162711,-38.27435598,-68.59936813,SHALE,LA AMARGA CHICA,498130.46019
162712,-38.27434307,-68.59925564,SHALE,LA AMARGA CHICA,542805.588732
162713,-38.2743298,-68.59914189,SHALE,LA AMARGA CHICA,743137.794366
162714,-38.2743168,-68.59902928,SHALE,LA AMARGA CHICA,483423.398238
162722,-38.308006,-68.388247,SHALE,COIRON AMARGO SUR ESTE,349033.69418742
162723,-38.623817,-68.428981,SHALE,LINDERO ATRAVESADO OCCIDENTAL,219752.8720101
162725,-38.308005,-68.388113,SHALE,COIRON AMARGO SUR ESTE,637219.642151268
162727,-38.308007,-68.388384,SHALE,COIRON AMARGO SUR ESTE,555196.11985992
162730,-38.623818,-68.429119,SHALE,LINDERO ATRAVESADO OCCIDENTAL,390877.94602626
162735,-38.820457916319,-68.704168293899,SHALE,PUESTO PARADA,370354.85067966
162742,-38.21757616,-68.62404191,SHALE,BAJADA DEL PALO OESTE,859633.9393377252
162743,-38.21757643,-68.62392874,SHALE,BAJADA DEL PALO OESTE,663870.740223669
162744,-38.21757651,-68.62381398,SHALE,BAJADA DEL PALO OESTE,739529.5631677799
162745,-38.21757642,-68.62369991,SHALE,BAJADA DEL PALO OESTE,851207.408805633
162748,-38.327148,-68.480944,SHALE,CRUZ DE LORENA,682998.9409319999
162749,-38.327146,-68.480772,SHALE,CRUZ DE LORENA,466075.12347
162750,-38.327145,-68.4806,SHALE,CRUZ DE LORENA,330486.72254399996
162774,-37.54891612,-69.08479611,SHALE,BAJO DEL TORO,0.0
162775,-37.54891761,-69.08535344,SHALE,BAJO DEL TORO,0.0
162777,-38.00103323,-69.19695354,SHALE,EL OREJANO,722.572224
162778,-38.00103684,-69.19685165,SHALE,EL OREJANO,162.90581999999998
162779,-38.00103357,-69.19674883,SHALE,EL OREJANO,7.107473999999999
162780,-38.00103665,-69.19664637,SHALE,EL OREJANO,2741.2835339999997
162781,-38.00103691,-69.19654379,SHALE,EL OREJANO,1698.497592
162782,-38.00103699,-69.19644155,SHALE,EL OREJANO,13926.371976
162783,-37.97291961,-69.2168772,SHALE,EL OREJANO,0.0
162784,-37.97759809,-69.17312153,SHALE,EL OREJANO,0.0
162785,-37.99365318,-69.17374737,SHALE,EL OREJANO,0.0
162786,-37.99365313,-69.17414616,SHALE,EL OREJANO,0.0
162787,-38.17233308,-68.68874529,SHALE,LA AMARGA CHICA,363293.690364
162788,-38.17233262,-68.6886427,SHALE,LA AMARGA CHICA,471143.82169799996
162789,-38.17233244,-68.68854022,SHALE,LA AMARGA CHICA,414675.318156
162790,-38.17233217,-68.68843762,SHALE,LA AMARGA CHICA,526429.591248
162791,-38.36689188,-68.7056321,SHALE,LOMA CAMPANA-LLL,334701.391728
162792,-38.36689135,-68.70556356,SHALE,LOMA CAMPANA-LLL,388920.222504
162793,-38.36689136,-68.70549537,SHALE,LOMA CAMPANA-LLL,167547.315012
162794,-38.36689119,-68.70542602,SHALE,LOMA CAMPANA-LLL,397122.2475
162795,-38.36689137,-68.70535794,SHALE,LOMA CAMPANA-LLL,349796.282748
162796,-38.36689084,-68.70528872,SHALE,LOMA CAMPANA-LLL,766612.208538
162797,-38.56379189,-69.33425958,SHALE,RINCON DEL MANGRULLO,1354.0681439999998
162798,-38.56379195,-69.33414462,SHALE,RINCON DEL MANGRULLO,1388.347554
162799,-38.56379174,-69.33402919,SHALE,RINCON DEL MANGRULLO,1233.11529
162809,-38.342691,-68.466347,SHALE,CRUZ DE LORENA,495089.530584
162810,-38.342691,-68.466175,SHALE,CRUZ DE LORENA,504749.279628
162811,-38.34269,-68.466005,SHALE,CRUZ DE LORENA,626139.148932
162812,-38.594592,-68.455749,SHALE,LINDERO ATRAVESADO OCCIDENTAL,374718.23526588
162815,-38.594095,-68.448395,SHALE,LINDERO ATRAVESADO OCCIDENTAL,545661.7402605534
162817,-38.260656,-69.581654,SHALE,AGUADA DE CASTRO,0.0
162822,-38.594094,-68.448258,SHALE,LINDERO ATRAVESADO OCCIDENTAL,497571.82153932
162823,-38.594594,-68.456027,SHALE,LINDERO ATRAVESADO OCCIDENTAL,510844.47384498
162824,-38.260657,-69.581517,SHALE,AGUADA DE CASTRO,0.0
162826,-38.260651,-69.581794,SHALE,AGUADA DE CASTRO,0.0
162835,-38.359333,-69.173865,SHALE,AGUADA PICHANA ESTE VACA MUERTA,0.0
162836,-38.359331,-69.174098,SHALE,AGUADA PICHANA ESTE VACA MUERTA,0.0
162843,-38.386835,-68.495605,SHALE,COIRON AMARGO SUR OESTE,507013.54473
162844,-38.386833,-68.49543,SHALE,COIRON AMARGO SUR OESTE,437411.435604
162845,-38.386832,-68.495258,SHALE,COIRON AMARGO SUR OESTE,537033.50217
162846,-38.386831,-68.495106,SHALE,COIRON AMARGO SUR OESTE,474210.47658599995
162877,-38.12507841,-68.53954743,SHALE,LOMA COLORADA,470086.066032
162878,-38.1250781,-68.53944422,SHALE,LOMA COLORADA,461355.634938
162879,-38.32796205,-68.63873969,SHALE,BANDURRIA SUR,549010.5393299999
162880,-38.32796233,-68.63862579,SHALE,BANDURRIA SUR,409464.53334599995
162881,-38.32796216,-68.63851119,SHALE,BANDURRIA SUR,562389.25842
162882,-38.32796208,-68.63839649,SHALE,BANDURRIA SUR,518035.412862
162883,-38.30193051,-68.69133976,SHALE,BANDURRIA SUR,495122.17464599997
162884,-38.30193012,-68.69122624,SHALE,BANDURRIA SUR,451516.878186
162885,-38.30192964,-68.69111203,SHALE,BANDURRIA SUR,533371.58061
162886,-38.30192933,-68.69099668,SHALE,BANDURRIA SUR,696666.3618419999
162887,-38.30192894,-68.69088236,SHALE,BANDURRIA SUR,652020.292176
162888,-38.30192882,-68.69076827,SHALE,BANDURRIA SUR,616970.067186
162889,-38.38808151,-68.59802328,SHALE,LOMA CAMPANA-LLL,503398.04189399997
162890,-38.38808077,-68.59788582,SHALE,LOMA CAMPANA-LLL,838379.266824
162891,-38.38808011,-68.5977479,SHALE,LOMA CAMPANA-LLL,565802.858676
162894,-38.3880821,-68.59809127,SHALE,LOMA CAMPANA,322020.58884599997
162895,-38.38808109,-68.59795415,SHALE,LOMA CAMPANA,540380.116056
162896,-38.38808035,-68.59781738,SHALE,LOMA CAMPANA,609842.151336
162908,-38.512526,-69.34675,SHALE,AGUADA PICHANA OESTE,0.0
162914,-38.512526,-69.346613,SHALE,AGUADA PICHANA OESTE,0.0
162921,-37.22307,-69.45637,SHALE,CORRALERA NORESTE,1372.7111112
162933,-38.560955326353,-69.118461376708,SHALE,FORTIN DE PIEDRA,41578.364004012
162934,-38.560955500378,-69.118289278203,SHALE,FORTIN DE PIEDRA,38620.5123658992
162939,-38.3203063,-68.61607395,SHALE,LA AMARGA CHICA,293995.378578
162940,-38.32030539,-68.61595984,SHALE,LA AMARGA CHICA,524560.19979
162941,-38.32030492,-68.61584514,SHALE,LA AMARGA CHICA,351622.085892
162942,-38.32030383,-68.61573091,SHALE,LA AMARGA CHICA,455388.187188
162943,-38.46750316,-68.53426399,SHALE,LOMA CAMPANA-LLL,1119956.3787719999
162944,-38.46750308,-68.53415239,SHALE,LOMA CAMPANA-LLL,910477.294386
162945,-38.46750326,-68.53403815,SHALE,LOMA CAMPANA-LLL,547934.606142
162946,-38.46750406,-68.5339231,SHALE,LOMA CAMPANA-LLL,919341.320832
162954,-38.18908889,-68.46347361,SHALE,BAJADA DEL PALO ESTE,955297.2497682966
162955,-38.1890875,-68.46324556,SHALE,BAJADA DEL PALO ESTE,968699.7196274112
162963,-37.25994,-69.54396,SHALE,CORRALERA SUR,588.5994839999998
162974,-38.043456,-68.531287,SHALE,AGUADA CÁNEPA,804308.29828008
162975,-38.043456,-68.531424,SHALE,AGUADA CÁNEPA,841162.9373202
162992,-38.560955152075,-69.118633475212,SHALE,FORTIN DE PIEDRA,44195.4277681818
163001,-38.32664047,-68.61002089,SHALE,LA AMARGA CHICA,392898.33230999997
163002,-38.34835155,-68.70666031,SHALE,LOMA CAMPANA-LLL,737488.358904
163003,-38.34835125,-68.70657429,SHALE,LOMA CAMPANA-LLL,444966.491772
163004,-38.34835105,-68.70649433,SHALE,LOMA CAMPANA-LLL,566303.904144
163005,-38.34835046,-68.70640315,SHALE,LOMA CAMPANA-LLL,376208.03352
163006,-38.5642065,-69.29928887,SHALE,RINCON DEL MANGRULLO,11553.041742
163007,-38.56420658,-69.29911745,SHALE,RINCON DEL MANGRULLO,11183.89338
163008,-38.56420654,-69.29906008,SHALE,RINCON DEL MANGRULLO,12196.23669
163009,-38.56420693,-69.29894466,SHALE,RINCON DEL MANGRULLO,10504.90947
163014,-38.404246,-68.537964,SHALE,CRUZ DE LORENA,83128.51272
163015,-38.404244,-68.537793,SHALE,CRUZ DE LORENA,497786.471028
163016,-38.404243,-68.537622,SHALE,CRUZ DE LORENA,686438.077776
163017,-38.404242,-68.537449,SHALE,CRUZ DE LORENA,622749.9530999999
163018,-38.384154,-68.476623,SHALE,COIRON AMARGO SUR OESTE,334168.834362
163019,-38.384153,-68.47645,SHALE,COIRON AMARGO SUR OESTE,336188.929428
163020,-38.384153,-68.476278,SHALE,COIRON AMARGO SUR OESTE,343542.64909799997
163021,-38.384152,-68.476106,SHALE,COIRON AMARGO SUR OESTE,359474.712498
163038,-38.3568811666667,-69.2017473333333,SHALE,AGUADA PICHANA ESTE VACA MUERTA,0.0
163039,-38.3568803333333,-69.2019353333333,SHALE,AGUADA PICHANA ESTE VACA MUERTA,0.0
163051,-38.562933018769,-69.122504466055,SHALE,FORTIN DE PIEDRA,32625.5254687956
163052,-38.563337904201,-69.121291532541,SHALE,FORTIN DE PIEDRA,44608.2259018176
163053,-38.562932477629,-69.122160258137,SHALE,FORTIN DE PIEDRA,37999.085975413196
163065,-38.32664054,-68.60990676,SHALE,LA AMARGA CHICA,479926.646826
163066,-38.32664062,-68.60979297,SHALE,LA AMARGA CHICA,433559.37338999996
163067,-38.32664086,-68.60967837,SHALE,LA AMARGA CHICA,628824.767736
163068,-38.13684936,-68.68774412,SHALE,LA AMARGA CHICA,571558.403064
163069,-38.13684894,-68.68751565,SHALE,LA AMARGA CHICA,406180.31427599996
163070,-38.26973043,-68.56547983,SHALE,LA AMARGA CHICA,277168.339536
163071,-38.26973,-68.56536522,SHALE,LA AMARGA CHICA,330472.570494
163072,-38.26972913,-68.56525153,SHALE,LA AMARGA CHICA,393862.432854
163073,-38.26972862,-68.56513703,SHALE,LA AMARGA CHICA,425399.552952
163074,-38.34835033,-68.70631781,SHALE,LOMA CAMPANA-LLL,347428.361742
163087,-38.624032,-68.452027,SHALE,LINDERO ATRAVESADO OCCIDENTAL,493966.39433394
163094,-38.624031,-68.451889,SHALE,LINDERO ATRAVESADO OCCIDENTAL,382527.7368205194
163101,-38.624032,-68.452165,SHALE,LINDERO ATRAVESADO OCCIDENTAL,345250.269604614
163103,-38.466341,-68.502873,SHALE,SIERRAS BLANCAS,383474.136276
163104,-38.46634,-68.502702,SHALE,SIERRAS BLANCAS,353895.28251
163105,-38.466338,-68.502528,SHALE,SIERRAS BLANCAS,377961.189474
163106,-38.466338,-68.502356,SHALE,SIERRAS BLANCAS,323859.91505999997
163111,-37.81773055,-69.53492777,SHALE,PARVA NEGRA OESTE,0.0
163122,-38.834815061,-68.6305057059,SHALE,PUESTO VERA,2629.8558147443996
163134,-38.36919737,-68.98948132,SHALE,LA CALERA,105306.599112
163135,-38.36919738,-68.98961681,SHALE,LA CALERA,244458.3038238
163136,-38.36919739,-68.98975527,SHALE,LA CALERA,157080.1632114
163138,-38.19949722,-68.67594861,SHALE,BAJADA DEL PALO OESTE,535479.143962026
163139,-38.19949694,-68.67583444,SHALE,BAJADA DEL PALO OESTE,413510.5914022446
163140,-38.19949667,-68.67572028,SHALE,BAJADA DEL PALO OESTE,502741.935118764
163141,-38.19949639,-68.67560611,SHALE,BAJADA DEL PALO OESTE,434718.1775045406
163150,-38.495701211852,-69.046714764333,SHALE,FORTIN DE PIEDRA,137298.234750336
163151,-38.495701303066,-69.046485506387,SHALE,FORTIN DE PIEDRA,108518.559324252
163152,-38.497895077149,-69.039839378665,SHALE,FORTIN DE PIEDRA,124720.16369378939
163153,-38.497895135511,-69.039667429975,SHALE,FORTIN DE PIEDRA,156425.78625695998
163154,-38.497895193621,-69.039495481284,SHALE,FORTIN DE PIEDRA,148457.986053894
163155,-38.495701348505,-69.046370877413,SHALE,FORTIN DE PIEDRA,78597.573962886
163161,-38.13684879,-68.68762995,SHALE,LA AMARGA CHICA,738072.303936
163162,-38.13684801,-68.68740262,SHALE,LA AMARGA CHICA,722172.444312
163163,-38.32815227,-68.6662065,SHALE,BANDURRIA SUR,391577.034024
163164,-38.32815233,-68.66610368,SHALE,BANDURRIA SUR,338353.312506
163165,-38.32815249,-68.66600075,SHALE,BANDURRIA SUR,359434.017492
163166,-38.32815265,-68.66589702,SHALE,BANDURRIA SUR,152431.038672
163167,-38.32815262,-68.66579444,SHALE,BANDURRIA SUR,424573.13613
163168,-38.53774878,-69.34785509,SHALE,RINCON DEL MANGRULLO,28.93308
163169,-38.53774884,-69.34768408,SHALE,RINCON DEL MANGRULLO,1393.5051899999999
163170,-38.53774882,-69.34751054,SHALE,RINCON DEL MANGRULLO,1046.811414
163182,-38.462009,-69.386143,SHALE,AGUADA PICHANA OESTE,0.0
163188,-38.462009,-69.386005,SHALE,AGUADA PICHANA OESTE,0.0
163189,-38.46201,-69.385868,SHALE,AGUADA PICHANA OESTE,0.0
163194,-38.495701348505,-69.046370877413,SHALE,FORTIN DE PIEDRA,0.0
163216,-38.34337703,-68.95013645,SHALE,LA CALERA,299158.8137736
163220,-38.358935,-69.181213,SHALE,AGUADA PICHANA ESTE VACA MUERTA,0.0
163221,-38.358934,-69.181402,SHALE,AGUADA PICHANA ESTE VACA MUERTA,0.0
163228,-38.26821672,-68.53258248,SHALE,LA AMARGA CHICA,347542.144224
163229,-38.26821663,-68.53246776,SHALE,LA AMARGA CHICA,589538.802732
163230,-38.26821653,-68.53235349,SHALE,LA AMARGA CHICA,292932.905562
163231,-38.26821644,-68.53223876,SHALE,LA AMARGA CHICA,387293.114142
163234,-38.36846796,-68.55068383,SHALE,LOMA CAMPANA,723613.81488
163235,-38.36858361,-68.55077088,SHALE,LOMA CAMPANA,573363.324072
163236,-38.3685256,-68.55072696,SHALE,LOMA CAMPANA,782636.857794
163237,-38.36840978,-68.55063979,SHALE,LOMA CAMPANA,428970.272412
163238,-38.36835151,-68.55059633,SHALE,LOMA CAMPANA,517239.753162
163246,-38.08379028,-68.70820399,SHALE,AGUADA FEDERAL,865043.0785760676
163247,-38.08396145,-68.70820331,SHALE,AGUADA FEDERAL,308977.2621388662
163249,-38.21574611,-68.585305,SHALE,BAJADA DEL PALO OESTE,766325.2358909466
163250,-38.21574583,-68.58519083,SHALE,BAJADA DEL PALO OESTE,696168.7286785572
163251,-38.21574528,-68.58507639,SHALE,BAJADA DEL PALO OESTE,931952.8823374836
163253,-38.508775,-69.350711,SHALE,AGUADA PICHANA OESTE,0.0
163256,-38.512394,-69.361895,SHALE,AGUADA PICHANA OESTE,0.0
163257,-38.594593,-68.455887,SHALE,LINDERO ATRAVESADO OCCIDENTAL,422997.97082334
163265,-38.51239,-69.361623,SHALE,AGUADA PICHANA OESTE,0.0
163269,-38.512395,-69.361755,SHALE,AGUADA PICHANA OESTE,0.0
163293,-38.552861601804,-69.106861407567,SHALE,FORTIN DE PIEDRA,44561.8427592162
163294,-38.552861758748,-69.10668932829,SHALE,FORTIN DE PIEDRA,65052.171713496
163295,-38.55286191544,-69.106517249012,SHALE,FORTIN DE PIEDRA,40344.7341014454
163298,-38.4715823,-68.4368415,SHALE,SIERRAS BLANCAS,419811.317244
163299,-38.471581,-68.4366593,SHALE,SIERRAS BLANCAS,499847.57559
163300,-38.4715791,-68.436498,SHALE,SIERRAS BLANCAS,332556.25543799996
163301,-38.4715769,-68.4363252,SHALE,SIERRAS BLANCAS,433804.99007999996
163302,-38.390845,-68.463216,SHALE,COIRON AMARGO SUR OESTE,272669.245596
163303,-38.390844,-68.463044,SHALE,COIRON AMARGO SUR OESTE,275450.280666
163304,-38.390843,-68.462872,SHALE,COIRON AMARGO SUR OESTE,242230.51327199998
163321,-38.20702735,-69.1679097,SHALE,AGUADA DE LA ARENA,537.086022
163322,-38.20702869,-69.16779541,SHALE,AGUADA DE LA ARENA,569.667186
163323,-38.20703002,-69.16768158,SHALE,AGUADA DE LA ARENA,547.0868039999999
163324,-37.53271067,-69.08773792,SHALE,BAJO DEL TORO NORTE,218901.896664
163326,-38.36754662,-68.71891228,SHALE,LOMA CAMPANA-LLL,803928.711366
163327,-38.36754725,-68.71880048,SHALE,LOMA CAMPANA-LLL,655577.36277
163328,-38.36754824,-68.71868502,SHALE,LOMA CAMPANA-LLL,688994.3782919999
163329,-38.36754922,-68.71857116,SHALE,LOMA CAMPANA-LLL,712648.995234
163330,-38.36754994,-68.7184573,SHALE,LOMA CAMPANA-LLL,832125.1928879999
163331,-38.35492763,-68.53701479,SHALE,LOMA CAMPANA,675658.49274
163332,-38.35492655,-68.53690085,SHALE,LOMA CAMPANA,544013.796414
163333,-38.35492538,-68.53678657,SHALE,LOMA CAMPANA,584280.152544
163334,-38.35492457,-68.5366724,SHALE,LOMA CAMPANA,473131.146906
163371,-38.495308588752,-69.042788488734,,FORTIN DE PIEDRA,98229.3884847
163375,-38.30691713,-69.04903691,SHALE,LA CALERA,212902.1382114
163376,-38.30691746,-69.04889994,SHALE,LA CALERA,193517.72309759998
163377,-38.30691743,-69.04876228,SHALE,LA CALERA,229490.32209839998
163392,-38.21917098,-68.60224518,SHALE,BAJADA DEL PALO OESTE,768090.2686981722
163393,-38.21917059,-68.60213099,SHALE,BAJADA DEL PALO OESTE,673627.0647186498
163394,-38.2191702,-68.6020168,SHALE,BAJADA DEL PALO OESTE,623611.4477403426
163395,-38.21916982,-68.60190261,SHALE,BAJADA DEL PALO OESTE,789026.6535124248
163399,-38.495308525812,-69.04296043127,SHALE,FORTIN DE PIEDRA,136665.83989211998
163400,-38.49530865144,-69.042616546199,SHALE,FORTIN DE PIEDRA,123769.60192542
163416,-37.53271083,-69.08800934,SHALE,BAJO DEL TORO NORTE,213207.174642
163417,-37.53271081,-69.08791578,SHALE,BAJO DEL TORO NORTE,130814.065338
163418,-37.5327106,-69.08782821,SHALE,BAJO DEL TORO NORTE,357895.155024
163419,-37.53271088,-69.08756912,SHALE,BAJO DEL TORO NORTE,194859.57645
163421,-38.30526663,-68.66832575,SHALE,BANDURRIA SUR,778803.916572
163422,-38.30526679,-68.66822434,SHALE,BANDURRIA SUR,667382.122308
163423,-38.30526722,-68.66812019,SHALE,BANDURRIA SUR,546872.196024
163424,-38.30526586,-68.668532,SHALE,BANDURRIA SUR,709718.3887199999
163425,-38.3052662,-68.66842876,SHALE,BANDURRIA SUR,747879.6745859999
163426,-38.56003778,-69.34584124,SHALE,RINCON DEL MANGRULLO,2623.47558
163427,-38.56012259,-69.3457066,SHALE,RINCON DEL MANGRULLO,934.9787699999999
163428,-38.56020739,-69.34557232,SHALE,RINCON DEL MANGRULLO,2710.27482
163435,-38.3571081666667,-69.1937156666667,SHALE,AGUADA PICHANA ESTE VACA MUERTA,0.0
163436,-38.3571073333333,-69.1939031666667,SHALE,AGUADA PICHANA ESTE VACA MUERTA,0.0
163437,-37.915231860074,-69.475680989914,SHALE,LOMA ANCHA,0.0
163438,-38.47209,-68.34871,SHALE,MATA MORA NORTE,417755.94114250917
163439,-38.47209,-68.34859,SHALE,MATA MORA NORTE,277404.1912423122
163440,-38.47209,-68.34848,SHALE,MATA MORA NORTE,338758.3845449364
163453,-38.508743,-69.361307,SHALE,AGUADA PICHANA OESTE,0.0
163454,-38.508743,-69.361169,SHALE,AGUADA PICHANA OESTE,0.0
163458,-38.508744,-69.361026,SHALE,AGUADA PICHANA OESTE,0.0
163491,-38.15632653,-68.56028423,SHALE,BAJADA DEL PALO OESTE,752750.4003652115
163492,-38.15632574,-68.56017048,SHALE,BAJADA DEL PALO OESTE,451667.57061702537
163493,-38.15632496,-68.56005685,SHALE,BAJADA DEL PALO OESTE,879726.316105395
163494,-38.15632417,-68.55994264,SHALE,BAJADA DEL PALO OESTE,410391.6007363722
163507,-37.532711,-69.08764843,SHALE,BAJO DEL TORO NORTE,153694.72239
163508,-38.27258802,-68.64474129,SHALE,LA AMARGA CHICA,445392.940212
163509,-38.2725874,-68.64462668,SHALE,LA AMARGA CHICA,476400.71074199997
163510,-38.27258706,-68.64451183,SHALE,LA AMARGA CHICA,560920.024038
163511,-38.27258599,-68.64439824,SHALE,LA AMARGA CHICA,558791.17833
163522,-37.71049722,-69.13186944,SHALE,BAJO DEL CHOIQUE,907141.436058
163523,-37.71049722,-69.13177778,SHALE,BAJO DEL CHOIQUE,230293.353444
163524,-37.7104972222222,-69.1316888888889,SHALE,BAJO DEL CHOIQUE,633900.887928
163525,-37.7104972222222,-69.1315972222222,SHALE,BAJO DEL CHOIQUE,1001899.5373859999
163526,-37.7104972222222,-69.1315055555555,SHALE,BAJO DEL CHOIQUE,367486.91133
163527,-37.7104972222222,-69.131325,SHALE,BAJO DEL CHOIQUE,516253.95280800003
163530,-37.41292987,-69.17004158,SHALE,LOS TOLDOS ESTE,252577.033061298
163531,-37.4129297,-69.17015454,SHALE,LOS TOLDOS ESTE,466541.39376596396
163532,-37.41292954,-69.1702675,SHALE,LOS TOLDOS ESTE,275573.7804550038
163534,-38.594599,-68.457284,SHALE,LINDERO ATRAVESADO OCCIDENTAL,313756.9112304
163540,-38.5946,-68.457422,SHALE,LINDERO ATRAVESADO OCCIDENTAL,427626.80698386
163545,-38.3544211666667,-69.212953,SHALE,AGUADA PICHANA ESTE VACA MUERTA,0.0
163546,-38.3544208333333,-69.2131431666667,SHALE,AGUADA PICHANA ESTE VACA MUERTA,0.0
163550,-38.3405927,-68.98209625,SHALE,LA CALERA,380492.75849639997
163551,-38.34059214,-68.9819591,SHALE,LA CALERA,334257.5394114
163566,-38.34059203,-68.98182195,SHALE,LA CALERA,276512.9612454
163577,-38.09550184,-68.67434687,SHALE,AGUADA FEDERAL,362294.3097594282
163578,-38.0955018,-68.67423481,SHALE,AGUADA FEDERAL,212509.7045758038
163579,-38.095525,-68.686034,SHALE,AGUADA FEDERAL,387467.7140902458
163580,-38.095525,-68.68592,SHALE,AGUADA FEDERAL,563149.832326191
163586,-38.125669,-68.57028229,SHALE,LA AMARGA CHICA,661991.826606
163587,-38.12561763,-68.5702031,SHALE,LA AMARGA CHICA,247109.322438
163588,-38.12556626,-68.57012391,SHALE,LA AMARGA CHICA,604942.019748
163589,-38.12551471,-68.57004472,SHALE,LA AMARGA CHICA,286499.509428
163590,-38.12546307,-68.56996542,SHALE,LA AMARGA CHICA,536454.400284
163591,-38.12541152,-68.56988623,SHALE,LA AMARGA CHICA,318078.393798
163593,-38.73307854,-68.60504299,SHALE,LA ANGOSTURA SUR I,332964.71505
163595,-38.37279305,-68.63583639,SHALE,LOMA CAMPANA,549669.458778
163596,-38.3727938,-68.63573248,SHALE,LOMA CAMPANA,526775.718942
163597,-38.37279475,-68.6356296,SHALE,LOMA CAMPANA,538323.980436
163598,-38.37279569,-68.63552706,SHALE,LOMA CAMPANA-LLL,398451.974118
163599,-38.37279663,-68.63542304,SHALE,LOMA CAMPANA,776725.82955
163600,-38.38702515,-68.57715179,SHALE,LOMA CAMPANA,461875.298214
163601,-38.38702486,-68.57704832,SHALE,LOMA CAMPANA,834318.257454
163602,-38.38702486,-68.57694623,SHALE,LOMA CAMPANA,485361.28561799997
163603,-38.38702439,-68.57684242,SHALE,LOMA CAMPANA,455754.756732
163604,-38.38702402,-68.57673975,SHALE,LOMA CAMPANA,522958.942506
163605,-38.38702338,-68.57663801,SHALE,LOMA CAMPANA,640354.6001159999
163625,-38.524,-68.32559,SHALE,MATA MORA NORTE,281812.53098526
163626,-38.524,-68.32547,SHALE,MATA MORA NORTE,662374.78045002
163627,-38.524,-68.32536,SHALE,MATA MORA NORTE,327019.51054872
163628,-37.7149805555556,-69.1581472222222,SHALE,BAJO DEL CHOIQUE,450559.822218
163629,-37.7149805555556,-69.1580555555556,SHALE,BAJO DEL CHOIQUE,375401.99565
163630,-37.7149805555556,-69.1579638888889,SHALE,BAJO DEL CHOIQUE,327113.94308999996
163631,-37.7149805555556,-69.157875,SHALE,BAJO DEL CHOIQUE,517201.13379
163632,-37.7149805555556,-69.1577833333333,SHALE,BAJO DEL CHOIQUE,476730.170466
163633,-37.7149805555556,-69.1576916666667,SHALE,BAJO DEL CHOIQUE,573809.2079939999
163677,-38.445498944267,-69.046106200932,SHALE,FORTIN DE PIEDRA,164441.8111743
163678,-38.445498989285,-69.04599165141,SHALE,FORTIN DE PIEDRA,156165.399481212
163679,-38.445499034191,-69.045877101888,SHALE,FORTIN DE PIEDRA,157812.260897214
163685,-38.30292137,-68.69133533,SHALE,BANDURRIA SUR,531080.709654
163686,-38.30292126,-68.69122192,SHALE,BANDURRIA SUR,464490.78574799997
163687,-38.30292068,-68.69110726,SHALE,BANDURRIA SUR,563223.034308
163688,-38.30292056,-68.69099305,SHALE,BANDURRIA SUR,450331.81696799997
163689,-38.30292035,-68.69087907,SHALE,BANDURRIA SUR,197757.035718
163690,-38.30292023,-68.69076417,SHALE,BANDURRIA SUR,429056.128182
163691,-38.37157963,-68.66982433,SHALE,LOMA CAMPANA-LLL,773121.962844
163692,-38.37159829,-68.66971302,SHALE,LOMA CAMPANA-LLL,300034.592946
163693,-38.37161751,-68.66959907,SHALE,LOMA CAMPANA-LLL,962015.915586
163694,-38.37163575,-68.66948719,SHALE,LOMA CAMPANA-LLL,942556.0291619999
163695,-38.71285184,-68.72718634,SHALE,LA ANGOSTURA SUR I,574453.598004
163700,-38.13362,-69.22519,SHALE,SIERRA CHATA,0.0
163701,-38.13361,-69.22508,SHALE,SIERRA CHATA,0.0
163705,-38.594635,-68.466108,SHALE,LINDERO ATRAVESADO OCCIDENTAL,367381.933184244
163707,-38.594601,-68.45756,SHALE,LINDERO ATRAVESADO OCCIDENTAL,303701.88247291197
163719,-38.594636,-68.466246,SHALE,LINDERO ATRAVESADO OCCIDENTAL,230358.2691615216
163726,-38.30622607,-69.03887715,SHALE,LA CALERA,317697.609306
163727,-38.30622637,-69.03874006,SHALE,LA CALERA,300239.640426
163728,-38.30622616,-69.03860218,SHALE,LA CALERA,320581.2750426
163739,-38.445500170831,-69.042875904316,SHALE,FORTIN DE PIEDRA,137858.580138246
163740,-38.445500945439,-69.043219553439,SHALE,FORTIN DE PIEDRA,154964.23222394398
163741,-38.445500987636,-69.043105003909,SHALE,FORTIN DE PIEDRA,156957.40556218798
163742,-38.445500987636,-69.043105003909,SHALE,FORTIN DE PIEDRA,131646.01624053
163744,-38.816252113323,-68.599316811324,SHALE,PUESTO PARADA NC,285803.89402884
163756,-38.1264565,-68.67061915,SHALE,LA AMARGA CHICA,564092.410464
163757,-38.12645567,-68.67051605,SHALE,LA AMARGA CHICA,757366.831518
163758,-38.12645648,-68.67102892,SHALE,LA AMARGA CHICA,486559.178028
163759,-38.12645674,-68.67092708,SHALE,LA AMARGA CHICA,346340.100546
163760,-38.12645672,-68.67082443,SHALE,LA AMARGA CHICA,624773.06727
163761,-38.12645661,-68.67072213,SHALE,LA AMARGA CHICA,538748.038752
163762,-38.30366588,-68.66658592,SHALE,BANDURRIA SUR,522186.366372
163778,-38.595626,-68.466101,SHALE,LINDERO ATRAVESADO OCCIDENTAL,341865.50915088
163780,-38.595627,-68.466239,SHALE,LINDERO ATRAVESADO OCCIDENTAL,619834.17919236
163793,-38.49101,-68.38259,SHALE,MATA MORA NORTE,453819.493204968
163794,-38.49099,-68.38248,SHALE,MATA MORA NORTE,233330.093288424
163795,-38.49099,-68.38236,SHALE,MATA MORA NORTE,265146.50767836
163796,-38.3831745,-69.1619683333333,SHALE,AGUADA PICHANA ESTE VACA MUERTA,23717.261651754
163797,-38.383174,-69.162159,SHALE,AGUADA PICHANA ESTE VACA MUERTA,31484.557308666
163810,-38.21978,-68.6416624,SHALE,BAJADA DEL PALO OESTE,794041.8945289511
163811,-38.24427847,-68.42646661,SHALE,LOMA JARILLOSA ESTE,482616.605592
163812,-38.24427808,-68.42633067,SHALE,LOMA JARILLOSA ESTE,335243.47814099997
163813,-38.24427714,-68.4261936,SHALE,LOMA JARILLOSA ESTE,362952.971898
163819,-38.02788,-69.23623,SHALE,SIERRA CHATA,0.0
163820,-38.02788,-69.23633,SHALE,SIERRA CHATA,0.0
163821,-38.02788,-69.23604,SHALE,SIERRA CHATA,0.0
163830,-38.12559266,-68.5332731,SHALE,LOMA COLORADA,509307.43478999997
163831,-38.12559217,-68.53317137,SHALE,LOMA COLORADA,436407.583524
163832,-38.12559185,-68.5330685,SHALE,LOMA COLORADA,406948.361754
163833,-38.12559126,-68.53296552,SHALE,LOMA COLORADA,496677.076104
163834,-38.27522495,-68.59409524,SHALE,LA AMARGA CHICA,547567.470516
163835,-38.27522483,-68.59398187,SHALE,LA AMARGA CHICA,660342.2636579999
163836,-38.27522461,-68.59386565,SHALE,LA AMARGA CHICA,507400.68192
163837,-38.27522512,-68.59375217,SHALE,LA AMARGA CHICA,528650.016444
163838,-38.12644026,-68.68372468,SHALE,LA AMARGA CHICA,199597.99727999998
163839,-38.12643987,-68.68361063,SHALE,LA AMARGA CHICA,146695.11846
163840,-38.12643974,-68.6834967,SHALE,LA AMARGA CHICA,318149.468538
163841,-38.12643898,-68.68338128,SHALE,LA AMARGA CHICA,234093.084522
163842,-38.27746022,-68.72288334,SHALE,BANDURRIA SUR,455273.272542
163843,-38.27745995,-68.72276905,SHALE,BANDURRIA SUR,213072.510024
163844,-38.27745968,-68.72265568,SHALE,BANDURRIA SUR,647223.627798
163845,-38.27745914,-68.72254083,SHALE,BANDURRIA SUR,269022.671148
163846,-38.36745051,-68.7057001,SHALE,LOMA CAMPANA-LLL,349002.069702
163847,-38.36744989,-68.70559723,SHALE,LOMA CAMPANA-LLL,273256.33552799997
163848,-38.3674491,-68.70539138,SHALE,LOMA CAMPANA-LLL,340497.568224
163849,-38.35013437,-68.69166333,SHALE,LOMA CAMPANA-LLL,181631.309376
163850,-38.35007922,-68.69158749,SHALE,LOMA CAMPANA-LLL,627791.416494
163851,-38.35002389,-68.69151211,SHALE,LOMA CAMPANA-LLL,594557.874438
163852,-38.34996855,-68.69143638,SHALE,LOMA CAMPANA-LLL,596190.392028
163853,-38.34991313,-68.69136043,SHALE,LOMA CAMPANA-LLL,512242.06677599996
163854,-38.44368756,-69.0290193,SHALE,LA RIBERA BLOQUE I,117665.364234
163855,-38.44368891,-69.02884584,SHALE,LA RIBERA BLOQUE I,128695.534902
163856,-38.44369009,-69.02867515,SHALE,LA RIBERA BLOQUE I,98478.014844
163857,-38.56591067,-69.30197099,SHALE,RINCON DEL MANGRULLO,8587.967123999999
163858,-38.56589913,-69.30180055,SHALE,RINCON DEL MANGRULLO,6478.116612
163859,-38.56588267,-69.30154301,SHALE,RINCON DEL MANGRULLO,3860.3647499999997
163873,-38.21978543,-68.64211925,SHALE,BAJADA DEL PALO OESTE,410341.0953594876
163874,-38.21978509,-68.64200506,SHALE,BAJADA DEL PALO OESTE,563470.9951498518
163875,-38.21978474,-68.64189086,SHALE,BAJADA DEL PALO OESTE,642656.2722247601
163876,-38.21978439,-68.64177667,SHALE,BAJADA DEL PALO OESTE,559114.2540831143
163880,-38.311372,-68.378266,SHALE,COIRON AMARGO SUR ESTE,388055.72220096
163885,-38.311372,-68.378131,SHALE,COIRON AMARGO SUR ESTE,445411.428638814
163897,-38.311371,-68.377994,SHALE,COIRON AMARGO SUR ESTE,832459.9888154219
163905,-38.843065013239,-68.666932515093,SHALE,PUESTO PARADA NC,329116.88712936
163940,-38.27400588,-68.64226538,SHALE,LA AMARGA CHICA,434879.539512
163941,-38.27400634,-68.64215019,SHALE,LA AMARGA CHICA,526975.545888
163942,-38.27400716,-68.64203671,SHALE,LA AMARGA CHICA,394404.299124
163943,-38.2740078,-68.64192197,SHALE,LA AMARGA CHICA,583152.83169
163944,-38.27380825,-68.58432384,SHALE,LA AMARGA CHICA,405305.717586
163945,-38.27380785,-68.58420968,SHALE,LA AMARGA CHICA,553734.619416
163946,-38.27380717,-68.58409586,SHALE,LA AMARGA CHICA,504695.627634
163947,-38.27380676,-68.58397987,SHALE,LA AMARGA CHICA,475503.030486
163948,-38.27380618,-68.58386583,SHALE,LA AMARGA CHICA,460479.08841
163950,-38.30816656,-68.65009236,SHALE,BANDURRIA SUR,525671.733246
163951,-38.30816562,-68.64998958,SHALE,BANDURRIA SUR,417815.6895
163952,-38.30816486,-68.64988703,SHALE,BANDURRIA SUR,538638.407538
163953,-38.30816392,-68.64978391,SHALE,BANDURRIA SUR,353090.439702
163969,-38.4817845080685,-68.4532234035057,SHALE,SIERRAS BLANCAS,760771.311564
163970,-38.4817833473348,-68.4530519620376,SHALE,SIERRAS BLANCAS,586627.00272
163971,-38.4817820002993,-68.4528792613209,SHALE,SIERRAS BLANCAS,600609.479712
163972,-38.4817805704242,-68.452708165719,SHALE,SIERRAS BLANCAS,594913.311036
163974,-37.68837255,-69.07232647,SHALE,AGUILA MORA,401348.59659729776
163975,-37.68837262,-69.07221264,SHALE,AGUILA MORA,348836.6797192002
163977,-38.18834543,-68.32296282,SHALE,BAJADA DEL PALO ESTE,683425.5507305292
164000,-38.842234237015,-68.535013503728,SHALE,PUESTO PARADA NC,400363.36571549997
164004,-38.3352789,-69.0431818,SHALE,LA CALERA,351228.0550812
164005,-38.3352789,-69.0430445,SHALE,LA CALERA,346166.1938658
164006,-38.335279,-69.0429073,SHALE,LA CALERA,364417.520379
164008,-38.321526630955,-68.5423056338627,SHALE,CRUZ DE LORENA,448195.23480599996
164009,-38.3215264092319,-68.5421334191077,SHALE,CRUZ DE LORENA,486366.45855599997
164010,-38.3215258331674,-68.5419628075313,SHALE,CRUZ DE LORENA,485751.630606
164011,-38.81938,-68.45876,SHALE,AGUA DEL CAJON,127840.49949
164021,-38.20662875,-69.1534621,TIGHT,AGUADA DE LA ARENA,349.146798
164022,-38.20662899,-69.15334736,SHALE,AGUADA DE LA ARENA,412.736676
164023,-38.20662932,-69.1532349,SHALE,AGUADA DE LA ARENA,276.814098
164024,-38.20662938,-69.15312038,SHALE,AGUADA DE LA ARENA,349.39839
164025,-38.36744972,-68.70549493,SHALE,LOMA CAMPANA-LLL,437919.399852
164026,-38.36744857,-68.70528806,SHALE,LOMA CAMPANA-LLL,535384.065018
164027,-38.35131696,-68.57543794,SHALE,LOMA CAMPANA,421987.021962
164028,-38.35131569,-68.5753351,SHALE,LOMA CAMPANA,302287.22191799997
164029,-38.35131442,-68.57523272,SHALE,LOMA CAMPANA,313418.092284
164030,-38.35131386,-68.57512908,SHALE,LOMA CAMPANA,337460.41249799996
164031,-38.35131277,-68.5750259,SHALE,LOMA CAMPANA,435463.79903399997
164032,-38.33062264,-68.64832505,SHALE,LOMA CAMPANA,0.0
164052,-38.566962550951,-69.136298714095,SHALE,FORTIN DE PIEDRA,28229.438249958
164053,-38.566962751225,-69.136126601381,SHALE,FORTIN DE PIEDRA,28155.277646020797
164054,-38.566962951246,-69.13595448866,SHALE,FORTIN DE PIEDRA,29217.3973450854
164066,-38.507775,-69.350843,SHALE,AGUADA PICHANA OESTE,0.0
164071,-38.507775,-69.350706,SHALE,AGUADA PICHANA OESTE,0.0
164075,-38.507774,-69.350978,SHALE,AGUADA PICHANA OESTE,0.0
164083,-37.710803,-69.166957,SHALE,LA ESCALONADA,537889.1369936502
164089,-38.06979333,-68.76794833,SHALE,AGUADA FEDERAL,151383.3221369106
164090,-38.06979361,-68.76783444,SHALE,AGUADA FEDERAL,201867.2664714024
164091,-38.06979361,-68.76772,SHALE,AGUADA FEDERAL,136572.7078990758
164092,-38.06979333,-68.76760611,SHALE,AGUADA FEDERAL,175592.1349293606
164097,-38.56960265837,-69.139576264887,SHALE,FORTIN DE PIEDRA,29264.9311877274
164098,-38.569602384503,-69.139805756868,SHALE,FORTIN DE PIEDRA,25494.388788329998
164099,-38.569602521492,-69.139691010878,SHALE,FORTIN DE PIEDRA,32074.4602845282
164108,-38.38072735,-68.68197387,SHALE,LOMA CAMPANA-LLL,369176.917692
164109,-38.38072461,-68.68185921,SHALE,LOMA CAMPANA-LLL,488828.28627599997
164110,-38.38072178,-68.68174477,SHALE,LOMA CAMPANA-LLL,461346.26313599997
164111,-38.38071903,-68.68162977,SHALE,LOMA CAMPANA-LLL,224872.174824
164114,-38.35131158,-68.57492123,SHALE,LOMA CAMPANA,202264.935378
164127,-38.18875722,-68.39875028,SHALE,BAJADA DEL PALO ESTE,1238518.304558172
164132,-38.625023,-68.45216,SHALE,LINDERO ATRAVESADO OCCIDENTAL,242905.30377234
164134,-38.625023,-68.452023,SHALE,LINDERO ATRAVESADO OCCIDENTAL,228027.515766204
164137,-38.625022,-68.451888,SHALE,LINDERO ATRAVESADO OCCIDENTAL,298819.84512996
164146,-38.381358,-69.156282,SHALE,AGUADA PICHANA ESTE VACA MUERTA,50592.037811898
164147,-38.381358,-69.156467,SHALE,AGUADA PICHANA ESTE VACA MUERTA,57977.30485437
164155,-38.1333,-69.18626,SHALE,SIERRA CHATA,0.0
164156,-38.1333,-69.18604,SHALE,SIERRA CHATA,0.0
164157,-38.1333,-69.18615,SHALE,SIERRA CHATA,0.0
164169,-38.355108,-69.2260375,SHALE,AGUADA PICHANA ESTE VACA MUERTA,0.0
164170,-38.3551066666667,-69.226227,SHALE,AGUADA PICHANA ESTE VACA MUERTA,0.0
164171,-38.355107,-69.226415,SHALE,AGUADA PICHANA ESTE VACA MUERTA,0.0
164177,-38.27927895,-68.68127724,SHALE,BANDURRIA SUR,293064.48817799997
164178,-38.2792793,-68.68117381,SHALE,BANDURRIA SUR,512468.499576
164179,-38.27927966,-68.68107118,SHALE,BANDURRIA SUR,491712.096678
164180,-38.27927991,-68.68096763,SHALE,BANDURRIA SUR,419060.881206
164181,-38.27928027,-68.68086535,SHALE,BANDURRIA SUR,367871.40680399997
164204,-37.722347,-69.191145,SHALE,LA ESCALONADA,750035.9407588674
164205,-37.722346,-69.191333,SHALE,LA ESCALONADA,681141.6447216612
164208,-38.507721,-69.371342,SHALE,AGUADA PICHANA OESTE,0.0
164215,-38.50772,-69.371617,SHALE,AGUADA PICHANA OESTE,0.0
164216,-38.50772,-69.371482,SHALE,AGUADA PICHANA OESTE,0.0
164232,-38.466353894104,-69.001212860757,SHALE,FORTIN DE PIEDRA,123089.96387621999
164234,-38.34681347,-69.06753366,SHALE,LA CALERA,66823.2566166
164235,-38.34681319,-69.06739605,SHALE,LA CALERA,87315.8464332
164236,-38.34681309,-69.06725923,SHALE,LA CALERA,136436.75028059998
164248,-38.466353895234,-69.001098278217,SHALE,FORTIN DE PIEDRA,202622.69102526
164249,-38.466353896243,-69.000984841501,SHALE,FORTIN DE PIEDRA,111523.648895076
164250,-38.46635389715,-69.00087025896,SHALE,FORTIN DE PIEDRA,165284.21226504
164251,-38.53277,-69.44164,SHALE,EL MANGRULLO,0.0
164257,-38.53277,-69.44152,SHALE,EL MANGRULLO,0.0
164258,-38.53277,-69.44141,SHALE,EL MANGRULLO,0.0
164259,-37.79722,-69.54027,SHALE,PARVA NEGRA OESTE,0.0
164269,-38.2723558,-68.53541263,SHALE,LA AMARGA CHICA,482556.28641
164270,-38.27235517,-68.5352995,SHALE,LA AMARGA CHICA,522948.12405
164271,-38.27235445,-68.53518557,SHALE,LA AMARGA CHICA,398555.567124
164272,-38.27235391,-68.53507084,SHALE,LA AMARGA CHICA,422630.40560399997
164273,-38.36942259,-68.64683641,SHALE,LOMA CAMPANA-LLL,431382.7881
164274,-38.369456,-68.64674345,SHALE,LOMA CAMPANA-LLL,436663.38969
164275,-38.36948959,-68.64665025,SHALE,LOMA CAMPANA-LLL,518305.119486
164276,-38.36952381,-68.64655614,SHALE,LOMA CAMPANA-LLL,370506.01533
164277,-38.36955713,-68.64646283,SHALE,LOMA CAMPANA-LLL,332401.84084799996
164300,-38.24690306,-68.57227,SHALE,BAJADA DEL PALO OESTE,522288.2453571816
164301,-38.24690278,-68.57215472,SHALE,BAJADA DEL PALO OESTE,225520.181814939
164302,-38.2469025,-68.57204056,SHALE,BAJADA DEL PALO OESTE,525440.4269454252
164303,-38.2469025,-68.57192528,SHALE,BAJADA DEL PALO OESTE,271844.97879117477
164319,-38.512422,-69.351304,SHALE,AGUADA PICHANA OESTE,0.0
164321,-38.512421,-69.351577,SHALE,AGUADA PICHANA OESTE,0.0
164331,-38.4153394438756,-68.4950229470159,SHALE,COIRON AMARGO SUR OESTE,438865.322874
164332,-38.415338703742,-68.4948512008212,SHALE,COIRON AMARGO SUR OESTE,214505.76674999998
164333,-38.4153383241825,-68.4946795666204,SHALE,COIRON AMARGO SUR OESTE,436806.545538
164334,-38.4153381265132,-68.4945083891587,SHALE,COIRON AMARGO SUR OESTE,381743.560704
164335,-38.383296,-69.15341,SHALE,AGUADA PICHANA ESTE VACA MUERTA,28348.077463925998
164336,-38.383295,-69.153225,SHALE,AGUADA PICHANA ESTE VACA MUERTA,39018.931230509996
164337,-38.383296,-69.153038,SHALE,AGUADA PICHANA ESTE VACA MUERTA,38389.517045616
164349,-38.57278,-69.47486,SHALE,EL MANGRULLO,0.0
164350,-38.31716038,-68.93327328,SHALE,LA CALERA,209677.7854578
164351,-38.31716127,-68.93313567,SHALE,LA CALERA,192415.202925
164352,-38.31716068,-68.93299734,SHALE,LA CALERA,322627.5482562
164353,-38.3479688,-69.02808742,SHALE,LA CALERA,239449.0442058
164354,-38.34798623,-69.02796533,SHALE,LA CALERA,160220.3395716
164355,-38.34798626,-69.02782806,SHALE,LA CALERA,191046.1839264
164363,-38.57278,-69.47497,SHALE,EL MANGRULLO,0.0
164364,-38.57278,-69.47509,SHALE,EL MANGRULLO,0.0
164375,-38.475368,-68.336784,SHALE,MATA MORA NORTE,298749.58617702
164376,-38.47536,-68.33667,SHALE,MATA MORA NORTE,236770.42217532
164378,-38.47536,-68.33655,SHALE,MATA MORA NORTE,265432.43632554
164380,-38.47536,-68.33644,SHALE,MATA MORA NORTE,432682.965363396
164397,-38.12467757,-68.6272931,SHALE,LA AMARGA CHICA,240359.423568
164398,-38.12467703,-68.62717917,SHALE,LA AMARGA CHICA,195438.992826
164399,-38.1246792,-68.62774893,SHALE,LA AMARGA CHICA,238368.450276
164400,-38.12467856,-68.62763386,SHALE,LA AMARGA CHICA,320242.713978
164401,-38.12467803,-68.62752176,SHALE,LA AMARGA CHICA,251888.501172
164402,-38.12467793,-68.62740589,SHALE,LA AMARGA CHICA,354858.31378799997
164403,-38.12521717,-68.61595251,SHALE,LA AMARGA CHICA,263148.375336
164404,-38.12521684,-68.61584976,SHALE,LA AMARGA CHICA,372020.410476
164405,-38.12521633,-68.61574951,SHALE,LA AMARGA CHICA,238541.797164
164406,-38.1252159,-68.61564619,SHALE,LA AMARGA CHICA,338817.18525599997
164407,-38.12521557,-68.61554435,SHALE,LA AMARGA CHICA,321829.504722
164408,-38.12521514,-68.61544057,SHALE,LA AMARGA CHICA,482548.361262
164409,-38.29512899,-68.69859678,SHALE,BANDURRIA SUR,490542.19387799996
164410,-38.29512909,-68.69849332,SHALE,BANDURRIA SUR,597435.332142
164411,-38.2951291,-68.69839101,SHALE,BANDURRIA SUR,737763.160266
164412,-38.2951291,-68.69828768,SHALE,BANDURRIA SUR,440077.68182399997
164413,-38.5642824,-69.28586306,SHALE,RINCON DEL MANGRULLO,3467.378046
164414,-38.56428213,-69.28574878,SHALE,RINCON DEL MANGRULLO,5962.793298
164415,-38.56428217,-69.28562234,SHALE,RINCON DEL MANGRULLO,8550.417018
164416,-38.56428272,-69.28550806,SHALE,RINCON DEL MANGRULLO,7403.72358
164440,-38.3301824702355,-68.5701820214462,SHALE,CRUZ DE LORENA,329434.18741199997
164441,-38.3301813785258,-68.5700562241355,SHALE,CRUZ DE LORENA,299005.83325799997
164442,-38.3301809181171,-68.5699306518322,SHALE,CRUZ DE LORENA,208813.749342
164443,-38.3301800980717,-68.5698053103911,SHALE,CRUZ DE LORENA,326491.88187
164444,-38.3301794559649,-68.5696793960658,SHALE,CRUZ DE LORENA,289762.028688
164445,-38.24583829,-68.57650228,SHALE,BAJADA DEL PALO OESTE,485525.4569268906
164446,-38.24583806,-68.57638805,SHALE,BAJADA DEL PALO OESTE,328883.8411267134
164447,-38.24583738,-68.57627461,SHALE,BAJADA DEL PALO OESTE,384442.7030686044
164448,-38.24583678,-68.57616004,SHALE,BAJADA DEL PALO OESTE,243510.96143924218
164451,-37.480098517297,-69.134423323155,SHALE,LOS TOLDOS ESTE,74221.5835482
164455,-38.35324949,-68.97917346,SHALE,LA CALERA,228423.15060179998
164456,-38.340568,-68.964122,SHALE,LA CALERA,234547.7615844
164465,-38.13767025,-68.69344827,SHALE,LA AMARGA CHICA,455768.908782
164466,-38.13767016,-68.69334482,SHALE,LA AMARGA CHICA,549431.893032
164467,-38.13767025,-68.69324307,SHALE,LA AMARGA CHICA,420210.782442
164468,-38.13767007,-68.6931395,SHALE,LA AMARGA CHICA,475374.15248399996
164469,-38.25422621,-68.68222883,SHALE,BANDURRIA SUR,393230.182158
164470,-38.25422538,-68.68202295,SHALE,BANDURRIA SUR,352839.728274
164471,-38.25422584,-68.68212589,SHALE,BANDURRIA SUR,378284.044908
164472,-38.254225,-68.68181765,SHALE,BANDURRIA SUR,396658.940832
164498,-38.561614622959,-69.228552701731,SHALE,FORTIN DE PIEDRA,37560.3875460924
164499,-38.561614846904,-69.228437969015,SHALE,FORTIN DE PIEDRA,42296.2995509868
164500,-38.561615294458,-69.228208503579,SHALE,FORTIN DE PIEDRA,41442.2804322912
164501,-37.480098710117,-69.134253734211,SHALE,LOS TOLDOS ESTE,527805.24095376
164509,-38.664437,-68.538388,SHALE,LINDERO ATRAVESADO OCCIDENTAL,229460.66506241998
164510,-38.664437,-68.538523,SHALE,LINDERO ATRAVESADO OCCIDENTAL,393187.89498347696
164528,-38.34056802,-68.96398594,SHALE,LA CALERA,118718.339652
164529,-37.48355659,-69.40042424,SHALE,EL TRAPIAL ESTE,375196.44498599996
164530,-37.48355697,-69.40031118,SHALE,EL TRAPIAL ESTE,310080.22122
164531,-37.48355697,-69.40031118,SHALE,EL TRAPIAL ESTE,388090.0947
164532,-37.48355735,-69.40019812,SHALE,EL TRAPIAL ESTE,242981.766984
164550,-38.2246271,-68.68208115,SHALE,BAJADA DEL PALO OESTE,475436.5347204
164551,-38.22462607,-68.68196695,SHALE,BAJADA DEL PALO OESTE,349429.7383632
164552,-38.22462521,-68.68185332,SHALE,BAJADA DEL PALO OESTE,412490.3234034
164553,-38.22462482,-68.68173912,SHALE,BAJADA DEL PALO OESTE,383320.0173066
164554,-38.34056771,-68.96384879,SHALE,LA CALERA,307930.7827068
164563,-38.12395011,-68.63711457,SHALE,LA AMARGA CHICA,275838.86451
164564,-38.12394994,-68.63700007,SHALE,LA AMARGA CHICA,110928.673944
164565,-38.12394977,-68.63688659,SHALE,LA AMARGA CHICA,235290.285054
164566,-38.32378783,-68.69646008,SHALE,BANDURRIA SUR,401576.24357399996
164567,-38.32378721,-68.69635739,SHALE,BANDURRIA SUR,396811.971666
164568,-38.32378694,-68.69625481,SHALE,BANDURRIA SUR,425370.68276999996
164569,-38.32378658,-68.69615086,SHALE,BANDURRIA SUR,303420.26649
164570,-38.37103333,-68.61317622,SHALE,LOMA CAMPANA-LLL,496049.731452
164571,-38.37103263,-68.61307426,SHALE,LOMA CAMPANA-LLL,407539.980342
164572,-38.37103194,-68.61286634,SHALE,LOMA CAMPANA-LLL,535063.285218
164573,-38.37103143,-68.61276462,SHALE,LOMA CAMPANA-LLL,665087.351676
164574,-38.37103118,-68.61266209,SHALE,LOMA CAMPANA-LLL,783849.531234
164575,-37.84734669,-68.74811169,SHALE,LOMA AMARILLA SUR,144454.125618
164576,-37.8473429,-68.74777176,SHALE,LOMA AMARILLA SUR,85514.045166
164577,-37.85724758,-68.67239342,SHALE,LOMA AMARILLA SUR,125224.445874
164578,-37.85724691,-68.67273364,SHALE,LOMA AMARILLA SUR,67520.940102
164585,-38.35324884,-68.97903743,SHALE,LA CALERA,233020.2522054
164588,-38.461052,-69.375605,SHALE,AGUADA PICHANA OESTE,0.0
164594,-38.589995,-68.460883,SHALE,LINDERO ATRAVESADO OCCIDENTAL,139587.211973352
164597,-38.461051,-69.37588,SHALE,AGUADA PICHANA OESTE,0.0
164604,-38.58987,-68.461108,SHALE,LINDERO ATRAVESADO OCCIDENTAL,227236.9143422334
164622,-38.1574143,-68.49725991,SHALE,BAJADA DEL PALO OESTE,396006.2734452
164623,-38.157414,-68.49714615,SHALE,BAJADA DEL PALO OESTE,438191.5469184
164624,-38.15741467,-68.49703023,SHALE,BAJADA DEL PALO OESTE,326671.0342434
164625,-38.15741391,-68.49691659,SHALE,BAJADA DEL PALO OESTE,411186.6051084
164628,-38.57593,-69.40527,SHALE,EL MANGRULLO,0.0
164629,-38.57593,-69.40504,SHALE,EL MANGRULLO,0.0
164636,-38.35324737,-68.97889878,SHALE,LA CALERA,322988.94129479997
164644,-38.20814251,-69.16114056,SHALE,AGUADA DE LA ARENA,153.911406
164645,-38.20814308,-69.16105562,SHALE,AGUADA DE LA ARENA,81.704502
164646,-38.17183076,-68.69528236,SHALE,LA AMARGA CHICA,203086.509054
164647,-38.17183086,-68.69518011,SHALE,LA AMARGA CHICA,507979.02903
164648,-38.17183104,-68.69507672,SHALE,LA AMARGA CHICA,337589.60499
164649,-38.17183122,-68.69497435,SHALE,LA AMARGA CHICA,449609.05605
164650,-38.23684795,-68.69864848,SHALE,BANDURRIA SUR,311437.811652
164651,-38.23692453,-68.6986155,SHALE,BANDURRIA SUR,420706.229988
164652,-38.2370012,-68.6985824,SHALE,BANDURRIA SUR,438020.854326
164653,-38.2370776,-68.69854953,SHALE,BANDURRIA SUR,559742.070294
164654,-38.23715445,-68.69851632,SHALE,BANDURRIA SUR,469522.499952
164655,-38.35738502,-68.73936935,SHALE,LOMA CAMPANA-LLL,516054.943536
164656,-38.35734653,-68.73927944,SHALE,LOMA CAMPANA-LLL,569833.4254139999
164657,-38.35730804,-68.73918725,SHALE,LOMA CAMPANA-LLL,504403.655118
164658,-38.35726964,-68.73909735,SHALE,LOMA CAMPANA-LLL,412121.78515199997
164659,-38.35723188,-68.73900779,SHALE,LOMA CAMPANA-LLL,454368.044526
164660,-38.35719339,-68.73891754,SHALE,LOMA CAMPANA-LLL,607949.865006
164676,-38.4149901931469,-68.4685996263149,SHALE,COIRON AMARGO SUR OESTE,331237.410174
164677,-38.4149892330949,-68.4684276539926,SHALE,COIRON AMARGO SUR OESTE,212990.30233799998
164678,-38.4149884513974,-68.468255336868,SHALE,COIRON AMARGO SUR OESTE,48171.942852
164679,-38.4149878579263,-68.4680848503718,SHALE,COIRON AMARGO SUR OESTE,237623.423466
164680,-38.47063,-68.37937,SHALE,MATA MORA NORTE,334659.59034617996
164681,-38.47064,-68.37926,SHALE,MATA MORA NORTE,368817.41285136
164682,-38.47063,-68.37915,SHALE,MATA MORA NORTE,181150.01828286
164683,-38.47063,-68.37903,SHALE,MATA MORA NORTE,386408.97834132
164697,-38.588558,-68.468873,SHALE,LINDERO ATRAVESADO OCCIDENTAL,287053.40745642
164701,-38.588557,-68.468647,SHALE,LINDERO ATRAVESADO OCCIDENTAL,272900.8549014
164705,-38.390022,-69.140335,SHALE,AGUADA PICHANA ESTE VACA MUERTA,28424.960834226
164706,-38.390021,-69.140524,SHALE,AGUADA PICHANA ESTE VACA MUERTA,33746.815020996
164707,-38.35400553,-69.05333768,SHALE,LA CALERA,141808.1388438
164711,-38.15663227,-68.56034583,SHALE,BAJADA DEL PALO OESTE,586418.6153562
164712,-38.15663202,-68.56023185,SHALE,BAJADA DEL PALO OESTE,340626.2386626
164713,-38.15663159,-68.5601173,SHALE,BAJADA DEL PALO OESTE,618309.2222142
164717,-38.57593,-69.40515,SHALE,EL MANGRULLO,0.0
164723,-38.1251767,-68.5177659,SHALE,LOMA COLORADA,332278.309176
164724,-38.12517628,-68.51766315,SHALE,LOMA COLORADA,343275.143904
164725,-38.12517523,-68.51756177,SHALE,LOMA COLORADA,280920.33103199996
164726,-38.12517436,-68.51745856,SHALE,LOMA COLORADA,376734.615576
164727,-38.208142,-69.16131286,SHALE,AGUADA DE LA ARENA,116.67579
164728,-38.20814185,-69.16122688,SHALE,AGUADA DE LA ARENA,50.507094
164729,-38.20814274,-69.16096987,SHALE,AGUADA DE LA ARENA,73.339068
164730,-38.1941576,-68.69109692,SHALE,LA AMARGA CHICA,390858.613068
164731,-38.19415736,-68.69086952,SHALE,LA AMARGA CHICA,489088.55819999997
164732,-38.30366483,-68.66647102,SHALE,BANDURRIA SUR,440031.2631
164733,-38.30366274,-68.66624318,SHALE,BANDURRIA SUR,429528.24056999997
164753,-38.589932,-68.460995,SHALE,LINDERO ATRAVESADO OCCIDENTAL,211910.55187038
164757,-38.590057,-68.460768,SHALE,LINDERO ATRAVESADO OCCIDENTAL,181884.96946224
164764,-38.588549,-68.468764,SHALE,LINDERO ATRAVESADO OCCIDENTAL,265803.807125472
164767,-38.588559,-68.468988,SHALE,LINDERO ATRAVESADO OCCIDENTAL,476469.238113
164771,-38.13727,-69.11791,SHALE,SIERRA CHATA,51042.814380624
164772,-38.13727,-69.1178,SHALE,SIERRA CHATA,105818.187102474
164773,-38.13727,-69.11768,SHALE,SIERRA CHATA,53482.372183152
164776,-38.7724451,-69.2838784,SHALE,AGUADA VILLANUEVA NORTE,121765.3326252
164778,-38.467423205046,-68.998230824007,SHALE,FORTIN DE PIEDRA,56508.747003258
164779,-38.467423203259,-68.998116239774,SHALE,FORTIN DE PIEDRA,134914.12304436
164780,-38.46742320136,-68.998001655542,SHALE,FORTIN DE PIEDRA,129636.55628286
164781,-38.35400532,-69.05320588,SHALE,LA CALERA,163198.92468
164788,-37.50222017,-69.04606231,SHALE,BAJO DEL TORO NORTE,145476.092322
164789,-37.5022204,-69.04594911,SHALE,BAJO DEL TORO NORTE,291285.418248
164790,-37.50222071,-69.04583635,SHALE,BAJO DEL TORO NORTE,282404.78673
164791,-37.50222076,-69.04572383,SHALE,BAJO DEL TORO NORTE,128439.980328
164792,-38.19415667,-68.69098288,SHALE,LA AMARGA CHICA,248073.29718599998
164793,-38.1941567,-68.69075515,SHALE,LA AMARGA CHICA,185533.752888
164795,-38.35726697,-68.7253829,SHALE,LOMA CAMPANA-LLL,409059.84761399997
164796,-38.35731714,-68.72530148,SHALE,LOMA CAMPANA-LLL,463614.616608
164797,-38.40713339,-68.62539876,SHALE,LOMA CAMPANA-LLL,511122.35657999996
164798,-38.40713333,-68.62529606,SHALE,LOMA CAMPANA-LLL,435016.468458
164799,-38.40713264,-68.62519348,SHALE,LOMA CAMPANA-LLL,618830.904516
164800,-38.40713213,-68.62509033,SHALE,LOMA CAMPANA-LLL,463245.279552
164801,-38.40713216,-68.62498809,SHALE,LOMA CAMPANA-LLL,415071.00947399996
164802,-38.40713183,-68.6248846,SHALE,LOMA CAMPANA-LLL,589601.889426
164803,-38.48589999,-68.51039284,SHALE,LOMA CAMPANA-LLL,545317.79775
164804,-38.48593997,-68.51030386,SHALE,LOMA CAMPANA-LLL,352010.292348
164805,-38.48601994,-68.51012407,SHALE,LOMA CAMPANA-LLL,326008.573638
164806,-38.48605992,-68.5100344,SHALE,LOMA CAMPANA-LLL,616922.327604
164807,-38.35706828,-68.7257072,SHALE,LOMA CAMPANA-LLL,355423.38942
164808,-38.35711818,-68.72562521,SHALE,LOMA CAMPANA-LLL,437970.976212
164809,-38.35716691,-68.72554448,SHALE,LOMA CAMPANA-LLL,558481.154088
164810,-38.3572169,-68.72546421,SHALE,LOMA CAMPANA-LLL,607872.563364
164811,-38.5618397,-69.32794605,SHALE,RINCON DEL MANGRULLO,2322.131262
164812,-38.56184002,-69.32783131,SHALE,RINCON DEL MANGRULLO,2180.736558
164813,-38.56183999,-69.32771601,SHALE,RINCON DEL MANGRULLO,2479.061772
164814,-38.56184022,-69.32760173,SHALE,RINCON DEL MANGRULLO,2411.949606
164827,-38.2178785,-68.62076192,SHALE,BAJADA DEL PALO OESTE,458018.5752582
164828,-38.21787804,-68.62064774,SHALE,BAJADA DEL PALO OESTE,403759.2570396
164829,-38.21787776,-68.62053355,SHALE,BAJADA DEL PALO OESTE,429708.0785316
164830,-38.21787722,-68.6204197,SHALE,BAJADA DEL PALO OESTE,416679.9654732
164848,-38.216932,-68.748167,SHALE,BANDURRIA CENTRO,359423.19148824
164851,-38.216932,-68.748332,SHALE,BANDURRIA CENTRO,338794.671042696
164858,-38.35001611,-68.93541548,SHALE,LA CALERA,283285.6795098
164859,-37.48372799,-69.34917564,SHALE,EL TRAPIAL ESTE,322987.142412
164860,-37.48372833,-69.34906292,SHALE,EL TRAPIAL ESTE,292575.456228
164861,-37.48372866,-69.34895019,SHALE,EL TRAPIAL ESTE,395708.67784799996
164862,-37.48372899,-69.34883668,SHALE,EL TRAPIAL ESTE,281244.067038
164863,-38.5528,-69.41648,SHALE,EL MANGRULLO,0.0
164864,-38.5528,-69.41625,SHALE,EL MANGRULLO,0.0
164867,-38.77244567,-69.2837417,SHALE,AGUADA VILLANUEVA NORTE,104703.0361938
164868,-38.35001628,-68.93555333,SHALE,LA CALERA,250244.5487256
164869,-38.35400547,-69.05306745,SHALE,LA CALERA,141258.72481379998
164871,-38.5528,-69.41636,SHALE,EL MANGRULLO,0.0
164882,-38.27307162,-68.6367691,SHALE,LA AMARGA CHICA,437837.884044
164883,-38.27307307,-68.63717981,SHALE,LA AMARGA CHICA,435490.279092
164884,-38.27307266,-68.63707684,SHALE,LA AMARGA CHICA,321173.981766
164885,-38.27307235,-68.63697411,SHALE,LA AMARGA CHICA,395707.545684
164886,-38.27307185,-68.63687149,SHALE,LA AMARGA CHICA,405169.41761999996
164887,-38.25422519,-68.68192059,SHALE,BANDURRIA SUR,71239.092474
164902,-38.372496,-69.090689,SHALE,AGUADA PICHANA ESTE VACA MUERTA,111952.507083252
164903,-38.372496,-69.090689,SHALE,AGUADA PICHANA ESTE VACA MUERTA,101133.97063671
164904,-38.372494,-69.091069,SHALE,AGUADA PICHANA ESTE VACA MUERTA,101218.124575524
164905,-38.50491,-68.36878,SHALE,MATA MORA NORTE,453999.78679968003
164906,-38.50491,-68.36866,SHALE,MATA MORA NORTE,215168.46196493998
164907,-38.50491,-68.36855,SHALE,MATA MORA NORTE,400278.23767536
164908,-38.50491,-68.36843,SHALE,MATA MORA NORTE,201392.7539712
164926,-38.4159274042337,-68.4548414520118,SHALE,COIRON AMARGO SUR OESTE,216965.455938
164927,-38.4159254330709,-68.45466948534,SHALE,COIRON AMARGO SUR OESTE,200582.16228599998
164928,-38.4159236428866,-68.454497746321,SHALE,COIRON AMARGO SUR OESTE,173402.489832
164929,-38.4159219420001,-68.4543258921383,SHALE,COIRON AMARGO SUR OESTE,256904.67957
164930,-38.3870095874503,-68.496745133684,SHALE,COIRON AMARGO SUR OESTE,277927.07811
164931,-38.3870093883403,-68.4965728784517,SHALE,COIRON AMARGO SUR OESTE,248398.66853999998
164932,-38.3870084722426,-68.4964015438433,SHALE,COIRON AMARGO SUR OESTE,249552.154962
164933,-38.3870082745951,-68.4962297464314,SHALE,COIRON AMARGO SUR OESTE,295571.53956
164934,-38.3870095874503,-68.496745133684,SHALE,CRUZ DE LORENA,185286.81534
164935,-38.3870093883403,-68.4965728784517,SHALE,CRUZ DE LORENA,111600.676176
164936,-38.3870084722426,-68.4964015438433,SHALE,CRUZ DE LORENA,58537.470354
164937,-38.3870082745951,-68.4962297464314,SHALE,CRUZ DE LORENA,18866.443794
164941,-38.15683127,-68.52031463,SHALE,BAJADA DEL PALO OESTE,1930414.6069956
164942,-38.15683098,-68.52019894,SHALE,BAJADA DEL PALO OESTE,728048.2999944
164944,-38.15682995,-68.51997087,SHALE,BAJADA DEL PALO OESTE,428950.43438279995
164945,-38.35001618,-68.93569038,SHALE,LA CALERA,176384.8488204
164946,-38.495701257515,-69.04660013536,SHALE,FORTIN DE PIEDRA,98468.92576851
164947,-38.374203,-69.088001,SHALE,AGUADA PICHANA ESTE VACA MUERTA,86939.3723600094
164948,-38.374201,-69.088188,SHALE,AGUADA PICHANA ESTE VACA MUERTA,88032.01786109939
164949,-38.3742,-69.088375,SHALE,AGUADA PICHANA ESTE VACA MUERTA,75723.916367352
164962,-38.08311281,-68.58315501,SHALE,LOMA COLORADA,328366.116474
164963,-38.08311227,-68.58305277,SHALE,LOMA COLORADA,267394.745112
164964,-38.08311181,-68.58295007,SHALE,LOMA COLORADA,307566.18816
164965,-38.08311172,-68.58284806,SHALE,LOMA COLORADA,303616.948536
164967,-38.28036016,-68.71830417,SHALE,BANDURRIA SUR,500067.655692
164968,-38.28035991,-68.71820108,SHALE,BANDURRIA SUR,443925.781464
164969,-38.28036178,-68.71871538,SHALE,BANDURRIA SUR,439211.136078
164970,-38.28036108,-68.71861252,SHALE,BANDURRIA SUR,425914.75046999997
164971,-38.28036101,-68.71850932,SHALE,BANDURRIA SUR,348092.879112
164972,-38.28036059,-68.71840669,SHALE,BANDURRIA SUR,344952.696462
164994,-38.367864,-68.413792,SHALE,COIRON AMARGO SUR ESTE,352957.58277252
165003,-38.367862,-68.413515,SHALE,COIRON AMARGO SUR ESTE,499900.1834772
165005,-38.367859,-68.413652,SHALE,COIRON AMARGO SUR ESTE,383141.41025886
165019,-38.484601964057,-69.02774284658,SHALE,FORTIN DE PIEDRA,56018.843224079996
165020,-38.484601991146,-69.027628235165,SHALE,FORTIN DE PIEDRA,115501.50383837998
165021,-38.484602018123,-69.02751362375,SHALE,FORTIN DE PIEDRA,85263.52054506
165022,-38.484602044988,-69.027399012335,SHALE,FORTIN DE PIEDRA,54723.187635006005
165025,-38.319411,-68.947131,SHALE,LA CALERA,379587.260019
165026,-38.22128839,-68.65900031,SHALE,BAJADA DEL PALO OESTE,319915.5248718
165027,-38.22128743,-68.65888646,SHALE,BAJADA DEL PALO OESTE,498384.4045752
165029,-38.22128763,-68.65877101,SHALE,BAJADA DEL PALO OESTE,406788.7643688
165030,-38.22128748,-68.65865773,SHALE,BAJADA DEL PALO OESTE,553442.5462632
165031,-38.22128733,-68.65854319,SHALE,BAJADA DEL PALO OESTE,335888.4908412
165032,-38.82194166667,-68.44762638889,SHALE,AGUA DEL CAJON,190191.91587
165033,-38.82194222222,-68.44774138889,SHALE,AGUA DEL CAJON,282441.833652
165034,-38.82194277778,-68.44785666667,SHALE,AGUA DEL CAJON,127762.946256
165035,-38.82194333333,-68.44797166667,SHALE,AGUA DEL CAJON,125989.977432
165042,-37.08545683,-69.47660985,SHALE,CN VII A,125565.730422
165043,-37.08581598,-69.47661277,SHALE,PASO DE LAS BARDAS NORTE,72129.350766
165044,-38.25591612,-69.16796764,SHALE,AGUADA DE LA ARENA,22.077198000000003
165045,-38.25591646,-69.16779592,SHALE,AGUADA DE LA ARENA,22.140096
165046,-38.25591697,-69.16762455,SHALE,AGUADA DE LA ARENA,22.894872
165047,-38.10610675,-68.65328655,SHALE,LA AMARGA CHICA,210809.062596
165048,-38.10607649,-68.65323003,SHALE,LA AMARGA CHICA,139417.81986
165049,-38.10604614,-68.65317374,SHALE,LA AMARGA CHICA,196123.260168
165050,-38.1060158,-68.65311733,SHALE,LA AMARGA CHICA,114591.22448399999
165051,-38.105985,-68.65306024,SHALE,LA AMARGA CHICA,250603.746624
165052,-38.1059551,-68.6530036,SHALE,LA AMARGA CHICA,154586.175744
165071,-38.09151,-69.27156,SHALE,SIERRA CHATA,0.0
165072,-38.09151,-69.27167,SHALE,SIERRA CHATA,0.0
165073,-38.09151,-69.27145,SHALE,SIERRA CHATA,0.0
165075,-38.512441,-69.367081,SHALE,AGUADA PICHANA OESTE,0.0
165079,-38.51244,-69.367491,SHALE,AGUADA PICHANA OESTE,0.0
165082,-38.512441,-69.367216,SHALE,AGUADA PICHANA OESTE,0.0
165084,-38.51244,-69.367353,SHALE,AGUADA PICHANA OESTE,0.0
165089,-38.01492,-68.56257,SHALE,RINCON DE ARANDA,494876.3629722
165091,-38.50345,-68.32812,SHALE,MATA MORA NORTE,259061.448090324
165092,-38.50345,-68.32794,SHALE,MATA MORA NORTE,298650.31992444
165093,-38.50345,-68.32777,SHALE,MATA MORA NORTE,675475.87908966
165094,-38.300507147341,-68.5275134395428,SHALE,CRUZ DE LORENA,456801.25365599996
165095,-38.3005063723771,-68.5273881495309,SHALE,CRUZ DE LORENA,369379.952436
165096,-38.300505412502,-68.5272617175193,SHALE,CRUZ DE LORENA,502567.159314
165097,-38.3005050973724,-68.5271388252554,SHALE,CRUZ DE LORENA,711843.208956
165098,-38.3005086603452,-68.5276430689434,SHALE,CRUZ DE LORENA,354060.452658
165099,-38.15670833,-68.58913979,SHALE,BAJADA DEL PALO OESTE,273819.00216659997
165100,-38.15670752,-68.58903677,SHALE,BAJADA DEL PALO OESTE,362656.533624
165101,-38.15670752,-68.58893374,SHALE,BAJADA DEL PALO OESTE,313530.3715038
165102,-38.15670689,-68.58883128,SHALE,BAJADA DEL PALO OESTE,0.0
165103,-38.31941117,-68.94699517,SHALE,LA CALERA,483049.23061559995
165106,-38.35004465,-68.95383431,SHALE,LA CALERA,211759.2186534
165107,-38.65459205,-69.13998044,SHALE,MESETA BUENA ESPERANZA I,16814.950046399998
165167,-38.10032721,-68.54539885,SHALE,LOMA COLORADA,319507.31056199997
165168,-38.10032686,-68.54528553,SHALE,LOMA COLORADA,301061.654388
165169,-38.10032651,-68.54517141,SHALE,LOMA COLORADA,223672.458372
165170,-38.10032597,-68.54505718,SHALE,LOMA COLORADA,257216.33916
165172,-38.28880927,-68.62881239,SHALE,LA AMARGA CHICA,511228.591302
165173,-38.28880891,-68.62869866,SHALE,LA AMARGA CHICA,665430.900552
165174,-38.28880864,-68.6285839,SHALE,LA AMARGA CHICA,613203.420456
165175,-38.28880837,-68.62847006,SHALE,LA AMARGA CHICA,547784.34282
165176,-38.2936395,-68.61678731,SHALE,LA AMARGA CHICA,301108.639194
165177,-38.29363953,-68.61668409,SHALE,LA AMARGA CHICA,311124.51671399997
165178,-38.29363946,-68.61658098,SHALE,LA AMARGA CHICA,304189.69772399997
165179,-38.29363931,-68.61647833,SHALE,LA AMARGA CHICA,245558.06906399998
165180,-38.29363907,-68.61637728,SHALE,LA AMARGA CHICA,334054.926084
165181,-38.29363891,-68.61627418,SHALE,LA AMARGA CHICA,250937.54631
165183,-38.34787652,-68.60787367,SHALE,LOMA CAMPANA,279089.43315
165184,-38.34787636,-68.60777151,SHALE,LOMA CAMPANA,309118.82529
165185,-38.34787584,-68.60766833,SHALE,LOMA CAMPANA,311814.00458999997
165186,-38.3478754,-68.60756515,SHALE,LOMA CAMPANA,303101.625222
165187,-38.34787515,-68.60746242,SHALE,LOMA CAMPANA,381872.501604
165188,-38.34787471,-68.60735856,SHALE,LOMA CAMPANA,306812.544324
165201,-38.31941156,-68.94685726,SHALE,LA CALERA,554457.0784236
165202,-38.484602798781,-69.02396066982,SHALE,FORTIN DE PIEDRA,93596.006119638
165203,-38.484602775281,-69.024075281239,SHALE,FORTIN DE PIEDRA,84697.431028749
165204,-38.484602751668,-69.024189892658,SHALE,FORTIN DE PIEDRA,103019.68695612
165205,-38.484602727944,-69.024304504077,SHALE,FORTIN DE PIEDRA,113090.62412735999
165206,-37.566046748191,-69.424009812372,SHALE,CERRO LAS NIÑAS,134743.84683672
165208,-37.566047357839,-69.423840032962,SHALE,CERRO LAS NIÑAS,228682.493773932
165215,-38.18835257,-68.3988684,SHALE,BAJADA DEL PALO ESTE,378692.5233894
165216,-38.18835198,-68.39875426,SHALE,BAJADA DEL PALO ESTE,305397.3015852
165217,-38.1883514,-68.39864012,SHALE,BAJADA DEL PALO ESTE,340528.8662688
165219,-38.50676,-69.327995,SHALE,AGUADA PICHANA OESTE,0.0
165221,-38.506759,-69.32827,SHALE,AGUADA PICHANA OESTE,0.0
165227,-38.50676,-69.328133,SHALE,AGUADA PICHANA OESTE,0.0
165238,-38.35004441,-68.95369726,SHALE,LA CALERA,258092.48314079997
165239,-38.4819672377777,-68.4543714072367,SHALE,SIERRAS BLANCAS,254388.13059
165240,-38.4819674246025,-68.4541988090865,SHALE,SIERRAS BLANCAS,275201.959362
165241,-38.4819674395568,-68.4540280459302,SHALE,SIERRAS BLANCAS,217046.27986799998
165242,-38.481966639789,-68.4538564866806,SHALE,SIERRAS BLANCAS,261398.61587399998
165243,-37.48187902,-69.39336861,SHALE,EL TRAPIAL ESTE,234695.39577
165244,-37.48187939,-69.39325555,SHALE,EL TRAPIAL ESTE,220643.730978
165245,-37.48187977,-69.39314249,SHALE,EL TRAPIAL ESTE,277171.736028
165246,-37.48188015,-69.39302943,SHALE,EL TRAPIAL ESTE,244466.222682
165247,-37.657443220134,-69.383264230227,SHALE,CERRO LAS NIÑAS,306996.23535418196
165252,-37.657442522664,-69.38343448963,SHALE,CERRO LAS NIÑAS,282332.12129958
165253,-38.3500447,-68.95397228,SHALE,LA CALERA,276601.251168
165266,-38.32234244,-68.60318286,SHALE,LA AMARGA CHICA,174753.28728
165267,-38.32227632,-68.60310568,SHALE,LA AMARGA CHICA,325479.286968
165268,-38.32220984,-68.60302748,SHALE,LA AMARGA CHICA,216663.79713
165269,-38.32214355,-68.60295123,SHALE,LA AMARGA CHICA,353771.121858
165270,-38.12606076,-68.65426254,SHALE,LA AMARGA CHICA,233089.79852399998
165271,-38.1260602,-68.654194,SHALE,LA AMARGA CHICA,205171.955142
165272,-38.12606027,-68.65412489,SHALE,LA AMARGA CHICA,119370.529014
165273,-38.1260598,-68.65405783,SHALE,LA AMARGA CHICA,117385.468134
165274,-38.12605933,-68.65398883,SHALE,LA AMARGA CHICA,164116.29200999998
165275,-38.32445227,-68.78534098,SHALE,LOMA CAMPANA-LLL,532261.808298
165276,-38.32445218,-68.78523818,SHALE,LOMA CAMPANA-LLL,387960.965106
165277,-38.3244518,-68.78503187,SHALE,LOMA CAMPANA-LLL,555479.158344
165278,-38.32445143,-68.78492907,SHALE,LOMA CAMPANA-LLL,474887.63645399996
165279,-38.32445178,-68.78482637,SHALE,LOMA CAMPANA-LLL,547897.307628
165289,-37.657442540536,-69.383434535053,SHALE,CERRO LAS NIÑAS,0.0
165290,-37.566046748191,-69.424009812372,SHALE,CERRO LAS NIÑAS,0.0
165293,-38.65459107,-69.14012059,SHALE,MESETA BUENA ESPERANZA I,20948.1348714
165294,-38.21954446,-68.60247245,SHALE,BAJADA DEL PALO OESTE,453523.0036062
165295,-38.21954398,-68.60235666,SHALE,BAJADA DEL PALO OESTE,331296.5846124
165296,-38.2195435,-68.6022435,SHALE,BAJADA DEL PALO OESTE,377098.0968282
165298,-38.21954338,-68.60212862,SHALE,BAJADA DEL PALO OESTE,289193.1728862
165305,-38.305978,-68.378569,SHALE,COIRON AMARGO SUR ESTE,330277.618143
165315,-38.305977,-68.378432,SHALE,COIRON AMARGO SUR ESTE,251377.12219157998
165321,-38.305976,-68.378292,SHALE,COIRON AMARGO SUR ESTE,262061.4898639254
165324,-38.4748433557433,-68.4195142847954,SHALE,SIERRAS BLANCAS,275418.642972
165325,-38.4748425928005,-68.4193421697755,SHALE,SIERRAS BLANCAS,258102.823572
165326,-38.4748416494428,-68.419170056208,SHALE,SIERRAS BLANCAS,219486.848064
165327,-38.4748400849272,-68.4189998957403,SHALE,SIERRAS BLANCAS,317712.453234
165330,-38.374007,-69.1031641666667,SHALE,AGUADA PICHANA ESTE VACA MUERTA,48682.36829874
165331,-38.374006,-69.103353,SHALE,AGUADA PICHANA ESTE VACA MUERTA,53562.49140396
165332,-38.374007,-69.103542,SHALE,AGUADA PICHANA ESTE VACA MUERTA,33697.277625462
165333,-38.15686,-69.22023,SHALE,SIERRA CHATA,0.0
165334,-38.15686,-69.22012,SHALE,SIERRA CHATA,0.0
165335,-38.15686,-69.22001,SHALE,SIERRA CHATA,0.0
165339,-38.569594826351,-69.143813828418,SHALE,FORTIN DE PIEDRA,18432.092949916798
165340,-38.569594967269,-69.14369908246,SHALE,FORTIN DE PIEDRA,18238.7131621332
165341,-38.569595108075,-69.143584336501,SHALE,FORTIN DE PIEDRA,16337.255869736999
165342,-38.569595248769,-69.143469590541,SHALE,FORTIN DE PIEDRA,13929.99647325
165347,-38.24805408,-68.71675679,SHALE,BANDURRIA SUR,331437.61450799997
165348,-38.24805365,-68.71665329,SHALE,BANDURRIA SUR,330811.653612
165349,-38.24805376,-68.71655025,SHALE,BANDURRIA SUR,286230.55757999996
165350,-38.24805333,-68.71644824,SHALE,BANDURRIA SUR,373981.63301399996
165351,-38.24805281,-68.71634497,SHALE,BANDURRIA SUR,312023.266236
165352,-38.24805274,-68.71624181,SHALE,BANDURRIA SUR,429405.27498
165353,-38.30377999,-68.68135527,SHALE,BANDURRIA SUR,374452.23585
165354,-38.3037563,-68.68125706,SHALE,BANDURRIA SUR,357330.77127
165355,-38.30373252,-68.68115827,SHALE,BANDURRIA SUR,264126.69082799996
165356,-38.30370883,-68.68106005,SHALE,BANDURRIA SUR,271816.411614
165357,-38.30368477,-68.68096138,SHALE,BANDURRIA SUR,279525.379188
165358,-38.45465928,-68.55846293,SHALE,LOMA CAMPANA-LLL,362904.729132
165359,-38.45465916,-68.55835937,SHALE,LOMA CAMPANA-LLL,295332.52716
165360,-38.45465904,-68.55825649,SHALE,LOMA CAMPANA-LLL,315850.86112799996
165361,-38.45465811,-68.55815259,SHALE,LOMA CAMPANA-LLL,504451.3947
165362,-38.45465709,-68.55805018,SHALE,LOMA CAMPANA-LLL,389993.765568
165363,-38.45465698,-68.55794822,SHALE,LOMA CAMPANA-LLL,548328.033132
165373,-38.324285,-68.97112,SHALE,LA CALERA,409311.0748056
165374,-38.09576868,-68.71878744,SHALE,AGUADA FEDERAL,343411.821258
165375,-38.0957694,-68.7186732,SHALE,AGUADA FEDERAL,306595.7412078
165376,-38.09576778,-68.71855978,SHALE,AGUADA FEDERAL,422269.5346188
165402,-38.32428455,-68.97087986,SHALE,LA CALERA,327067.91433359997
165403,-38.237983,-68.431753,SHALE,LOMA JARILLOSA ESTE,285088.5689124
165404,-38.34735715,-69.02057029,SHALE,LA CALERA,117477.1671282
165405,-38.23798205,-68.43161661,SHALE,LOMA JARILLOSA ESTE,127406.02715214
165406,-38.447991794066,-68.97136964867,SHALE,PASO DE INDIOS,0.0
165407,-38.447991766019,-68.971255095185,SHALE,FORTIN DE PIEDRA,134860.589235702
165408,-38.44799173786,-68.971140541699,SHALE,FORTIN DE PIEDRA,267633.03795888
165409,-38.447991709589,-68.971025988215,SHALE,FORTIN DE PIEDRA,165372.80158212
165413,-38.12502583,-68.50407498,SHALE,LOMA COLORADA,202795.542906
165414,-38.12502487,-68.50386982,SHALE,LOMA COLORADA,379851.33727200003
165415,-38.12502408,-68.5037665,SHALE,LOMA COLORADA,260117.320716
165416,-37.50216986,-69.06293913,SHALE,BAJO DEL TORO NORTE,246734.13586799998
165417,-37.50216982,-69.06283735,SHALE,BAJO DEL TORO NORTE,181465.63604399998
165418,-38.12568324,-68.60648607,SHALE,LA AMARGA CHICA,356595.80814
165420,-38.24535698,-68.69083456,SHALE,BANDURRIA SUR,485965.6725
165421,-38.24535686,-68.69072044,SHALE,BANDURRIA SUR,449010.392886
165422,-38.24535656,-68.69060609,SHALE,BANDURRIA SUR,514866.04553999996
165423,-38.24535607,-68.69049152,SHALE,BANDURRIA SUR,394667.464356
165424,-38.37804854,-68.69131314,SHALE,LOMA CAMPANA-LLL,230694.45398999998
165425,-38.37804836,-68.69120923,SHALE,LOMA CAMPANA-LLL,252976.133388
165426,-38.37804845,-68.69110634,SHALE,LOMA CAMPANA-LLL,305867.250282
165427,-38.37804799,-68.69100266,SHALE,LOMA CAMPANA-LLL,243688.61470799998
165435,-38.22129887,-68.66253842,SHALE,BAJADA DEL PALO OESTE,323388.4442316
165436,-38.22129854,-68.66242411,SHALE,BAJADA DEL PALO OESTE,379830.05258879997
165437,-38.22129821,-68.66231026,SHALE,BAJADA DEL PALO OESTE,256941.380553
165438,-38.22129788,-68.66219606,SHALE,BAJADA DEL PALO OESTE,443848.951557
165442,-38.447991794066,-68.97136964867,SHALE,FORTIN DE PIEDRA,176395.901005368
165443,-38.34735735,-69.02044983,SHALE,LA CALERA,102542.4269958
165444,-38.32428479,-68.97099982,SHALE,LA CALERA,429216.3482574
165451,-38.269304,-69.570716,SHALE,AGUADA DE CASTRO,0.0
165452,-38.269306,-69.570442,SHALE,AGUADA DE CASTRO,0.0
165455,-38.269305,-69.570579,SHALE,AGUADA DE CASTRO,0.0
165462,-37.4794731,-69.2048481,SHALE,AGUA DE AFUERA,43848.900414
165463,-37.4794741,-69.2047379,SHALE,AGUA DE AFUERA,12576.895386
165464,-38.23798058,-68.43147852,SHALE,LOMA JARILLOSA ESTE,268886.3271534
165471,-38.34735773,-69.02033006,SHALE,LA CALERA,116538.9491112
165472,-38.32428452,-68.97075978,SHALE,LA CALERA,377424.889677
165478,-37.479336283272,-69.100931799615,SHALE,LOS TOLDOS ESTE,137176.3772973
165479,-37.479335993049,-69.101270974462,SHALE,LOS TOLDOS ESTE,0.0
165480,-37.479335993049,-69.101270974462,SHALE,LOS TOLDOS ESTE,90755.79403242
165481,-38.47376,-68.30519,SHALE,MATA MORA NORTE,232163.39671397398
165482,-38.47376,-68.30508,SHALE,MATA MORA NORTE,479781.408173628
165483,-38.47376,-68.30496,SHALE,MATA MORA NORTE,194900.6551338
165484,-38.47376,-68.30531,SHALE,MATA MORA NORTE,383696.43793536
165485,-38.12502522,-68.50397303,SHALE,LOMA COLORADA,169240.654968
165487,-38.1383084,-68.70486215,SHALE,LA AMARGA CHICA,153013.97733599998
165488,-38.13830814,-68.70475903,SHALE,LA AMARGA CHICA,217026.27830399998
165489,-38.1383078,-68.70465785,SHALE,LA AMARGA CHICA,208926.65125199998
165490,-38.13830745,-68.70455394,SHALE,LA AMARGA CHICA,287913.07908
165491,-38.13830737,-68.70445139,SHALE,LA AMARGA CHICA,273918.336978
165492,-38.13830711,-68.70434862,SHALE,LA AMARGA CHICA,289217.26911
165493,-38.12568456,-68.60682832,SHALE,LA AMARGA CHICA,296478.52872
165494,-38.12568433,-68.60675933,SHALE,LA AMARGA CHICA,311251.256184
165495,-38.12568383,-68.60669136,SHALE,LA AMARGA CHICA,238675.015128
165496,-38.12568378,-68.60662259,SHALE,LA AMARGA CHICA,298649.264496
165497,-38.12568374,-68.60655439,SHALE,LA AMARGA CHICA,279532.046376
165498,-38.21955936,-68.71623843,SHALE,BANDURRIA SUR,7603.2989339999995
165499,-38.21955902,-68.7161352,SHALE,BANDURRIA SUR,121952.9322
165500,-38.21955904,-68.71603265,SHALE,BANDURRIA SUR,172590.53955
165501,-38.21955879,-68.71593056,SHALE,BANDURRIA SUR,264417.656976
165502,-38.21955872,-68.71582688,SHALE,BANDURRIA SUR,86524.06125
165503,-38.21955856,-68.71572422,SHALE,BANDURRIA SUR,281033.987718
165505,-38.3877164,-68.63887917,SHALE,LOMA CAMPANA-LLL,273625.546788
165506,-38.38771667,-68.63879356,SHALE,LOMA CAMPANA-LLL,172229.63082599998
165507,-38.38771614,-68.63870726,SHALE,LOMA CAMPANA-LLL,294227.912484
165508,-38.38771587,-68.63862153,SHALE,LOMA CAMPANA-LLL,224151.866928
165509,-38.3877148,-68.63853615,SHALE,LOMA CAMPANA-LLL,383138.575446
165510,-38.38771517,-68.63845076,SHALE,LOMA CAMPANA-LLL,355221.298146
165511,-38.3877149,-68.63836423,SHALE,LOMA CAMPANA-LLL,389386.799868
165514,-38.15808987,-68.49736503,SHALE,BAJADA DEL PALO OESTE,385352.427801
165515,-38.15808889,-68.49726235,SHALE,BAJADA DEL PALO OESTE,329597.6467344
165516,-38.15808809,-68.49715967,SHALE,BAJADA DEL PALO OESTE,316667.0821842
165517,-38.15808675,-68.49705744,SHALE,BAJADA DEL PALO OESTE,342486.41556359996
165518,-38.15808559,-68.49695476,SHALE,BAJADA DEL PALO OESTE,319157.7046086
165525,-38.66443,-68.53634,SHALE,LINDERO ATRAVESADO OCCIDENTAL,316494.402392388
165531,-38.45425,-69.40822,SHALE,AGUADA PICHANA OESTE,0.0
165532,-38.66443,-68.53648,SHALE,LINDERO ATRAVESADO OCCIDENTAL,290939.801097066
165535,-38.454249,-69.408495,SHALE,AGUADA PICHANA OESTE,0.0
165538,-38.34735775,-69.0202096,SHALE,LA CALERA,138482.6586858
165545,-37.47456036,-69.35600161,SHALE,EL TRAPIAL ESTE,327048.21468
165546,-37.47456071,-69.35588834,SHALE,EL TRAPIAL ESTE,214633.701282
165547,-37.47456105,-69.35577529,SHALE,EL TRAPIAL ESTE,410561.726058
165548,-37.47456138,-69.3556627,SHALE,EL TRAPIAL ESTE,287397.818664
165549,-38.15834618,-68.44367162,SHALE,BAJADA DEL PALO ESTE,371009.2056198
165550,-38.15835,-68.44356,SHALE,BAJADA DEL PALO ESTE,233637.6904224
165551,-38.15834555,-68.44344331,SHALE,BAJADA DEL PALO ESTE,387247.29294899997
165555,-38.57122,-69.39191,SHALE,EL MANGRULLO,0.0
165556,-38.57122,-69.39203,SHALE,EL MANGRULLO,0.0
165557,-38.57122,-69.3918,SHALE,EL MANGRULLO,164.73137155199998
165559,-38.2164491,-68.6323344,SHALE,BAJADA DEL PALO OESTE,443483.8412466
165560,-38.21644875,-68.63222067,SHALE,BAJADA DEL PALO OESTE,301995.2871408
165561,-38.21644803,-68.63210637,SHALE,BAJADA DEL PALO OESTE,424750.6908942
165562,-38.21644785,-68.63199264,SHALE,BAJADA DEL PALO OESTE,323854.7637138
165565,-38.0665629,-68.62754242,SHALE,LOMA COLORADA,254228.872854
165566,-38.066562,-68.6274287,SHALE,LOMA COLORADA,207011.78454
165567,-38.0665619,-68.62731463,SHALE,LOMA COLORADA,223017.941784
165568,-38.06656118,-68.62720148,SHALE,LOMA COLORADA,201749.171778
165569,-37.48313999,-69.0437165,SHALE,BAJO DEL TORO NORTE,204456.55329
165570,-37.48313894,-69.04361519,SHALE,BAJO DEL TORO NORTE,203773.543908
165571,-38.27869201,-68.54755024,SHALE,LA AMARGA CHICA,228065.254692
165572,-38.27869192,-68.54743527,SHALE,LA AMARGA CHICA,321953.728272
165573,-38.2786914,-68.5473219,SHALE,LA AMARGA CHICA,282100.42330799997
165574,-38.27869059,-68.54720705,SHALE,LA AMARGA CHICA,337279.392054
165575,-38.20659408,-68.70399305,SHALE,LA AMARGA CHICA,338444.640402
165576,-38.20659346,-68.70389041,SHALE,LA AMARGA CHICA,183518.500968
165577,-38.20659338,-68.70378742,SHALE,LA AMARGA CHICA,449121.28206
165578,-38.20659322,-68.70368467,SHALE,LA AMARGA CHICA,271062.013002
165579,-38.27968114,-68.68529203,SHALE,BANDURRIA SUR,333445.633158
165580,-38.27968008,-68.68570313,SHALE,BANDURRIA SUR,248820.965712
165581,-38.27968052,-68.68559924,SHALE,BANDURRIA SUR,321829.88211
165582,-38.27968061,-68.68549763,SHALE,BANDURRIA SUR,277291.871208
165583,-38.27968087,-68.685395,SHALE,BANDURRIA SUR,293395.646148
165593,-38.371639,-69.094351,SHALE,AGUADA PICHANA ESTE VACA MUERTA,42745.098883344
165594,-38.372511,-69.095328,SHALE,AGUADA PICHANA ESTE VACA MUERTA,22129.544671805997
165595,-38.37251,-69.095516,SHALE,AGUADA PICHANA ESTE VACA MUERTA,49124.380974636
165603,-38.4151750971217,-68.4697439642343,SHALE,COIRON AMARGO SUR OESTE,249759.907056
165604,-38.4151739518436,-68.4695705042985,SHALE,COIRON AMARGO SUR OESTE,259545.326304
165605,-38.4151734467366,-68.4693992151973,SHALE,COIRON AMARGO SUR OESTE,246141.070626
165606,-38.4151719494327,-68.4692277043577,SHALE,COIRON AMARGO SUR OESTE,280618.294836
165607,-38.340206,-68.259783,SHALE,COIRON AMARGO SUR ESTE,619511.34074082
165609,-38.340205,-68.259646,SHALE,COIRON AMARGO SUR ESTE,592129.59839814
165631,-38.35324886,-68.97570572,SHALE,LA CALERA,161175.8859876
165634,-38.35279779,-68.97284762,SHALE,LA CALERA,145077.7718676
165635,-38.590348,-68.466229,SHALE,LINDERO ATRAVESADO OCCIDENTAL,270048.86837148
165638,-38.66732,-68.46289,SHALE,LINDERO ATRAVESADO OCCIDENTAL,182713.77326334
165644,-38.66732,-68.46302,SHALE,LINDERO ATRAVESADO OCCIDENTAL,194822.66287176
165653,-38.590289,-68.466117,SHALE,LINDERO ATRAVESADO OCCIDENTAL,180270.11111472
165660,-38.1288649,-68.63565192,SHALE,BAJADA DEL PALO OESTE,277983.49132619996
165661,-38.12886476,-68.63554996,SHALE,BAJADA DEL PALO OESTE,343737.4567836
165662,-38.12886453,-68.63544686,SHALE,BAJADA DEL PALO OESTE,230093.92275539998
165665,-38.28463613,-68.55341179,SHALE,LA AMARGA CHICA,225150.37267799999
165666,-38.28454944,-68.55338158,SHALE,LA AMARGA CHICA,348985.590426
165667,-38.2844632,-68.55335147,SHALE,LA AMARGA CHICA,182774.73211799999
165668,-38.28428864,-68.55328854,SHALE,LA AMARGA CHICA,260063.29133399998
165669,-38.25676899,-68.67978852,SHALE,BANDURRIA SUR,303670.663428
165670,-38.2568242,-68.67971481,SHALE,BANDURRIA SUR,319572.850278
165671,-38.25688057,-68.6796395,SHALE,BANDURRIA SUR,361510.34337
165672,-38.25693631,-68.67956648,SHALE,BANDURRIA SUR,272749.62924
165673,-38.32819398,-68.75530024,SHALE,LOMA CAMPANA-LLL,423561.673392
165674,-38.3281654,-68.75520439,SHALE,LOMA CAMPANA-LLL,311648.771544
165675,-38.32813601,-68.75510705,SHALE,LOMA CAMPANA-LLL,437267.462082
165676,-38.32810752,-68.75501108,SHALE,LOMA CAMPANA-LLL,306879.090408
165677,-38.32807813,-68.75491579,SHALE,LOMA CAMPANA-LLL,318022.98066
165678,-38.32804937,-68.75481914,SHALE,LOMA CAMPANA-LLL,294180.86478
165679,-38.3186912,-68.71624708,SHALE,LOMA CAMPANA-LLL,307097.59806
165680,-38.31863975,-68.71616758,SHALE,LOMA CAMPANA-LLL,191543.46809399998
165681,-38.31858847,-68.71608705,SHALE,LOMA CAMPANA-LLL,245371.51359599998
165682,-38.31853729,-68.71600869,SHALE,LOMA CAMPANA-LLL,223150.59366599997
165683,-38.31848584,-68.71592839,SHALE,LOMA CAMPANA-LLL,264958.13949
165684,-38.31843546,-68.7158482,SHALE,LOMA CAMPANA-LLL,125553.654006
165685,-38.73350487,-68.60559832,SHALE,LA ANGOSTURA SUR I,273198.280674
165686,-38.73353252,-68.60548914,SHALE,LA ANGOSTURA SUR I,171574.925544
165687,-38.7335617,-68.60538006,SHALE,LA ANGOSTURA SUR I,111683.009658
165688,-38.73358989,-68.60527111,SHALE,LA ANGOSTURA SUR I,150270.55526999998
165692,-38.35324901,-68.97556901,SHALE,LA CALERA,128046.79235039999
165694,-38.35324898,-68.97543138,SHALE,LA CALERA,90678.2665866
165695,-38.35279776,-68.97271033,SHALE,LA CALERA,113901.8812734
165696,-38.35279773,-68.97257305,SHALE,LA CALERA,122994.69919439999
165698,-38.15647959,-68.52048032,SHALE,BAJADA DEL PALO OESTE,0.0
165699,-38.15647922,-68.52048032,SHALE,BAJADA DEL PALO OESTE,102972.611577
165700,-38.15647866,-68.52025225,SHALE,BAJADA DEL PALO OESTE,402353.316915
165701,-38.15647864,-68.52013804,SHALE,BAJADA DEL PALO OESTE,469388.2001424
165714,-37.94970051,-69.23306921,SHALE,EL OREJANO,9418.472316
165715,-38.27147511,-68.62450299,SHALE,LA AMARGA CHICA,203114.247072
165716,-38.27147448,-68.62438952,SHALE,LA AMARGA CHICA,189587.969274
165717,-38.27147402,-68.62427513,SHALE,LA AMARGA CHICA,227290.602924
165718,-38.27198801,-68.61989309,SHALE,LA AMARGA CHICA,258616.38574199998
165719,-38.2719883,-68.61978978,SHALE,LA AMARGA CHICA,282962.880684
165720,-38.27198824,-68.6196875,SHALE,LA AMARGA CHICA,256081.03025999997
165721,-38.27198764,-68.61958477,SHALE,LA AMARGA CHICA,256230.41301
165722,-38.35787787,-68.73903579,SHALE,LOMA CAMPANA-LLL,147513.232746
165723,-38.35783992,-68.73894542,SHALE,LOMA CAMPANA-LLL,172532.484696
165724,-38.35780116,-68.73885392,SHALE,LOMA CAMPANA-LLL,209651.61359999998
165725,-38.35776312,-68.73876333,SHALE,LOMA CAMPANA-LLL,353117.23425
165726,-38.35772508,-68.73867239,SHALE,LOMA CAMPANA-LLL,151184.714802
165727,-38.35768731,-68.73858203,SHALE,LOMA CAMPANA-LLL,224547.05506199997
165728,-38.70453638,-68.65895519,SHALE,LA ANGOSTURA SUR I,291874.458018
165729,-38.70453631,-68.65883942,SHALE,LA ANGOSTURA SUR I,330300.858954
165730,-38.70453589,-68.65872653,SHALE,LA ANGOSTURA SUR I,338830.64542799996
165731,-38.70453609,-68.65861088,SHALE,LA ANGOSTURA SUR I,322474.58661
165739,-38.4717658220677,-68.4379854557553,SHALE,SIERRAS BLANCAS,130497.93999
165740,-38.4717653247677,-68.4378127268833,SHALE,SIERRAS BLANCAS,256829.83095
165741,-38.4717644866085,-68.4376418570179,SHALE,SIERRAS BLANCAS,238152.521442
165742,-38.4717641208992,-68.4374699980141,SHALE,SIERRAS BLANCAS,242770.052316
165757,-38.454249,-69.408358,SHALE,AGUADA PICHANA OESTE,0.0
165767,-38.590171,-68.465883,SHALE,LINDERO ATRAVESADO OCCIDENTAL,158098.26294636
165768,-38.59023,-68.465997,SHALE,LINDERO ATRAVESADO OCCIDENTAL,171187.1098166658
165774,-38.1576286,-68.43077105,SHALE,BAJADA DEL PALO ESTE,0.0
165775,-38.15762802,-68.43066836,SHALE,BAJADA DEL PALO ESTE,65731.24041
165776,-38.15762797,-68.43056625,SHALE,BAJADA DEL PALO ESTE,29860.592777399997
165777,-38.15762738,-68.43046368,SHALE,BAJADA DEL PALO ESTE,323243.1875904
165780,-38.10191385,-68.53162673,SHALE,LOMA COLORADA,152677.913322
165781,-38.10191358,-68.53155947,SHALE,LOMA COLORADA,190150.780578
165782,-38.10191295,-68.53144592,SHALE,LOMA COLORADA,146805.693144
165783,-38.10191258,-68.53133146,SHALE,LOMA COLORADA,84715.11477
165784,-38.30577128,-68.72611818,SHALE,BANDURRIA SUR,213824.8959
165785,-38.30572003,-68.72619875,SHALE,BANDURRIA SUR,323645.43288
165786,-38.30566941,-68.72627817,SHALE,BANDURRIA SUR,251566.023126
165787,-38.30561743,-68.72635851,SHALE,BANDURRIA SUR,340777.967508
165788,-38.30556753,-68.72643781,SHALE,BANDURRIA SUR,256722.401166
165789,-38.30551583,-68.72651803,SHALE,BANDURRIA SUR,306022.482546
165790,-38.31393398,-68.70602504,SHALE,BANDURRIA SUR,298538.060832
165791,-38.31393291,-68.70592099,SHALE,BANDURRIA SUR,220817.58105
165792,-38.31393265,-68.70581866,SHALE,BANDURRIA SUR,336291.641862
165793,-38.31393276,-68.70571552,SHALE,BANDURRIA SUR,204199.92945
165794,-38.31393214,-68.7056141,SHALE,BANDURRIA SUR,314895.754998
165795,-38.31393206,-68.70551005,SHALE,BANDURRIA SUR,139111.946886
165800,-38.2180659,-68.42066269,SHALE,BAJADA DEL PALO ESTE,287809.8697518
165801,-38.21806533,-68.42054782,SHALE,BAJADA DEL PALO ESTE,250822.4807088
165802,-38.21806477,-68.42043443,SHALE,BAJADA DEL PALO ESTE,232441.00565399998
165803,-38.21806,-68.42032,SHALE,BAJADA DEL PALO ESTE,411359.46139199997
165808,-38.26794998,-68.41559158,SHALE,LOMA JARILLOSA ESTE,0.0
165824,-37.7089198333333,-69.1725,SHALE,LA ESCALONADA,566033.4845963292
165825,-37.7089163333333,-69.1726858333333,SHALE,LA ESCALONADA,585842.4298177373
165829,-38.445779334455,-69.049958695588,SHALE,FORTIN DE PIEDRA,59733.10912866
165830,-38.44577938324,-69.049844145629,SHALE,FORTIN DE PIEDRA,55636.07430018
165831,-38.445779431913,-69.04972959567,SHALE,FORTIN DE PIEDRA,43832.44189434
165832,-38.445779285558,-69.050073245546,SHALE,FORTIN DE PIEDRA,36270.121887912
166124,-38.07685568,-68.55831,SHALE,LOMA COLORADA,220708.13853
166125,-38.07685571,-68.55819557,SHALE,LOMA COLORADA,322916.44506
166126,-38.07685474,-68.55808183,SHALE,LOMA COLORADA,217561.66608
166127,-38.0768543,-68.55801345,SHALE,LOMA COLORADA,271062.013002
166129,-38.23833785,-68.88033335,SHALE,BANDURRIA SUR,261915.44874
166130,-38.23833793,-68.88023101,SHALE,BANDURRIA SUR,155186.222664
166131,-38.23833755,-68.88012695,SHALE,BANDURRIA SUR,154519.62966
166132,-38.23833654,-68.88002529,SHALE,BANDURRIA SUR,186046.686078
166133,-38.71095084,-69.33518093,SHALE,LAS TACANAS II,67026.498924
166134,-38.71095114,-69.3350778,SHALE,LAS TACANAS II,44566.943982
166149,-38.44561,-68.24924,SHALE,CONFLUENCIA NORTE,551270.5210782
166150,-38.44561,-68.24907,SHALE,CONFLUENCIA NORTE,354288.40129979997
166151,-38.44561,-68.2489,SHALE,CONFLUENCIA NORTE,411325.81284893997
166152,-38.18713919,-68.37536997,SHALE,BAJADA DEL PALO ESTE,323908.598112
166153,-38.18713832,-68.37525675,SHALE,BAJADA DEL PALO ESTE,259241.29624139998
166156,-38.311384,-68.365309,SHALE,COIRON AMARGO SUR ESTE,270663.790102398
166158,-38.311385,-68.365443,SHALE,COIRON AMARGO SUR ESTE,241721.69310801598
166162,-38.311386,-68.365583,SHALE,COIRON AMARGO SUR ESTE,276353.8016554392
166165,-38.32791662,-69.06356147,SHALE,LA CALERA,19470.9753414
166168,-38.32053307,-68.93857228,SHALE,LA CALERA,173520.93305579998
166169,-38.3468333,-69.07160045,SHALE,LA CALERA,19482.781296
166170,-38.859637445276,-68.515055243094,SHALE,PUESTO PARADA NC,245351.89130694
166171,-38.859680046323,-68.525426173059,SHALE,PUESTO PARADA NC,208890.17418588
166172,-38.859679109845,-68.525195758914,SHALE,PUESTO PARADA NC,122517.59144723999
166173,-38.85963648834,-68.514824829437,SHALE,PUESTO PARADA NC,185627.3199528
166178,-38.26795004,-68.41549628,SHALE,LOMA JARILLOSA ESTE,0.0
166179,-38.34683337,-69.07148034,SHALE,LA CALERA,14082.0633954
166180,-38.32053255,-68.93843517,SHALE,LA CALERA,161941.3483578
166183,-38.12578871,-68.51388028,SHALE,LOMA COLORADA,160655.706948
166184,-38.12578748,-68.51378118,SHALE,LOMA COLORADA,164683.63197
166185,-38.12578615,-68.51367569,SHALE,LOMA COLORADA,138027.333774
166186,-38.12578465,-68.51357443,SHALE,LOMA COLORADA,105205.647822
166190,-38.71340179,-68.72710837,SHALE,LA ANGOSTURA SUR I,289344.197274
166191,-38.71340152,-68.72699546,SHALE,LA ANGOSTURA SUR I,265409.11815
166192,-38.71340089,-68.72687922,SHALE,LA ANGOSTURA SUR I,244152.235866
166193,-38.70185065,-68.69018037,SHALE,LA ANGOSTURA SUR I,167515.991808
166194,-38.70185043,-68.69006541,SHALE,LA ANGOSTURA SUR I,318506.35179
166195,-38.70185022,-68.68995022,SHALE,LA ANGOSTURA SUR I,267115.163502
166196,-38.70184991,-68.68983481,SHALE,LA ANGOSTURA SUR I,170179.15602599998
166197,-38.69061134,-68.62626408,SHALE,LA ANGOSTURA SUR I,306583.784298
166198,-38.69061133,-68.62603466,SHALE,LA ANGOSTURA SUR I,258997.98790799998
166199,-38.69061159,-68.62592064,SHALE,LA ANGOSTURA SUR I,347798.076186
166201,-38.37319034,-68.56163922,SHALE,LOMA CAMPANA,347382.886488
166202,-38.37312274,-68.56158229,SHALE,LOMA CAMPANA,368611.71626399993
166203,-38.37305469,-68.56152537,SHALE,LOMA CAMPANA,419666.274456
166204,-38.37298745,-68.56146879,SHALE,LOMA CAMPANA,325821.452088
166205,-38.37292022,-68.56141175,SHALE,LOMA CAMPANA,388569.440358
166206,-38.37285289,-68.56135494,SHALE,LOMA CAMPANA,309435.20223
166209,-38.07274,-68.47179,SHALE,AGUADA CÁNEPA,222043.52974188
166210,-38.07274,-68.47193,SHALE,AGUADA CÁNEPA,264392.03843190597
166211,-38.07274,-68.47206,SHALE,AGUADA CÁNEPA,300338.020948944
166213,-38.50482,-68.35335,SHALE,MATA MORA NORTE,0.0
166214,-38.50482,-68.35324,SHALE,MATA MORA NORTE,229498.51141799998
166215,-38.50482,-68.35312,SHALE,MATA MORA NORTE,284001.5530968
166216,-38.50482,-68.35301,SHALE,MATA MORA NORTE,295595.6420736
166217,-38.15824291,-68.47358694,SHALE,BAJADA DEL PALO OESTE,157926.4243524
166218,-38.15824204,-68.47347285,SHALE,BAJADA DEL PALO OESTE,155660.7188862
166219,-38.15824143,-68.47335876,SHALE,BAJADA DEL PALO OESTE,112666.3381206
166220,-38.15824119,-68.47324466,SHALE,BAJADA DEL PALO OESTE,150627.753012
166221,-38.32053239,-68.93829852,SHALE,LA CALERA,199104.5058618
166222,-38.15637913,-68.57623417,SHALE,BAJADA DEL PALO OESTE,212327.1184056
166223,-38.15637884,-68.57613115,SHALE,BAJADA DEL PALO OESTE,135543.334509
166224,-38.15637839,-68.57602926,SHALE,BAJADA DEL PALO OESTE,230824.904442
166225,-38.15637819,-68.57592624,SHALE,BAJADA DEL PALO OESTE,131089.7535618
166230,-37.47631929,-69.35354211,SHALE,EL TRAPIAL ESTE,241085.580978
166231,-37.47631963,-69.35342906,SHALE,EL TRAPIAL ESTE,257790.786594
166232,-37.47631997,-69.35331601,SHALE,EL TRAPIAL ESTE,228392.512986
166233,-37.47631997,-69.35320295,SHALE,EL TRAPIAL ESTE,309474.261888
166242,-38.10643272,-68.6447305,SHALE,LA AMARGA CHICA,102778.539798
166243,-38.10643241,-68.64462823,SHALE,LA AMARGA CHICA,48322.709358
166244,-38.10643228,-68.64452584,SHALE,LA AMARGA CHICA,137305.70502
166245,-38.10643188,-68.64442357,SHALE,LA AMARGA CHICA,72859.093362
166246,-38.1064314,-68.64432198,SHALE,LA AMARGA CHICA,138030.352878
166247,-38.10643108,-68.64421823,SHALE,LA AMARGA CHICA,109480.950678
166248,-38.249269,-68.70709681,SHALE,BANDURRIA SUR,221898.546078
166249,-38.24926802,-68.70699457,SHALE,BANDURRIA SUR,272179.081482
166250,-38.24926822,-68.70689186,SHALE,BANDURRIA SUR,112771.39665
166251,-38.24926796,-68.70678939,SHALE,BANDURRIA SUR,212501.52198
166252,-38.46503514,-68.52307708,SHALE,LOMA CAMPANA-LLL,268816.994688
166253,-38.46503418,-68.52297362,SHALE,LOMA CAMPANA-LLL,254427.50473800002
166254,-38.46503403,-68.52287153,SHALE,LOMA CAMPANA-LLL,243462.370602
166255,-38.46503352,-68.52276829,SHALE,LOMA CAMPANA-LLL,62654.836332
166256,-38.69061124,-68.62614983,SHALE,LA ANGOSTURA SUR I,218381.03832599998
166257,-38.859683320415,-68.52623262265,SHALE,PUESTO PARADA NC,355111.6386279
166258,-38.484669398421,-69.019441559128,SHALE,FORTIN DE PIEDRA,36593.587180919996
166263,-38.484669417387,-69.019326947599,SHALE,FORTIN DE PIEDRA,73346.39498802
166264,-38.484669436241,-69.019212336071,SHALE,FORTIN DE PIEDRA,51830.32828644
166265,-38.484669454984,-69.019097724542,SHALE,FORTIN DE PIEDRA,40903.4877108
166266,-38.859684254847,-68.526463036843,SHALE,PUESTO PARADA NC,19799.00602284
166267,-38.859641745864,-68.516092104686,SHALE,PUESTO PARADA NC,76684.82584422
166268,-38.859640790973,-68.51586169098,SHALE,PUESTO PARADA NC,31623.18280242
166269,-38.371971,-69.112153,SHALE,AGUADA PICHANA ESTE VACA MUERTA,7024.331775516
166270,-38.34494049,-69.03631892,SHALE,LA CALERA,29519.578690799997
166271,-38.371971,-69.112344,SHALE,AGUADA PICHANA ESTE VACA MUERTA,23310.87371118
166272,-38.371102,-69.111746,SHALE,AGUADA PICHANA ESTE VACA MUERTA,19806.965198658
166273,-38.07175,-68.41184,SHALE,AGUADA CÁNEPA,122591.112353358
166284,-38.07175,-68.41157,SHALE,AGUADA CÁNEPA,179762.762826834
166288,-38.07175,-68.41171,SHALE,AGUADA CÁNEPA,136184.10272636398
166299,-38.484733107521,-69.015029028314,SHALE,FORTIN DE PIEDRA,64381.42479978
166300,-38.48473312217,-69.014914416682,SHALE,FORTIN DE PIEDRA,84943.3181487
166301,-38.484733136707,-69.014799805051,SHALE,FORTIN DE PIEDRA,58540.223399459996
166302,-38.484733151132,-69.014685193419,SHALE,FORTIN DE PIEDRA,66471.22531632
166303,-38.00291,-68.60036,SHALE,RINCON DE ARANDA,241844.17425762
166304,-38.00291,-68.60048,SHALE,RINCON DE ARANDA,280157.73303672
166305,-38.00291,-68.60025,SHALE,RINCON DE ARANDA,263598.441975
166306,-38.00291,-68.60014,SHALE,RINCON DE ARANDA,232189.80991140002
166307,-38.34494061,-69.03620006,SHALE,LA CALERA,27155.7837936
166314,-38.20392386,-68.69430195,SHALE,LA AMARGA CHICA,163607.57298599998
166315,-38.20392332,-68.69419898,SHALE,LA AMARGA CHICA,239147.756496
166316,-38.20392378,-68.69409668,SHALE,LA AMARGA CHICA,193843.018974
166317,-38.20392387,-68.69399404,SHALE,LA AMARGA CHICA,298854.878058
166319,-38.24598277,-68.72745258,SHALE,BANDURRIA SUR,92646.049386
166320,-38.24601208,-68.72735183,SHALE,BANDURRIA SUR,192153.264204
166321,-38.2459822,-68.72724753,SHALE,BANDURRIA SUR,80639.135676
166322,-38.24598241,-68.72714426,SHALE,BANDURRIA SUR,171692.35611
166323,-38.2459819,-68.72704168,SHALE,BANDURRIA SUR,143919.995802
166324,-38.24601202,-68.72693841,SHALE,BANDURRIA SUR,295264.660218
166325,-38.3249125,-68.86248693,SHALE,LOMA CAMPANA-LLL,156891.010056
166326,-38.32491184,-68.8623831,SHALE,LOMA CAMPANA-LLL,96816.564174
166328,-38.2201,-68.64263,SHALE,BAJADA DEL PALO OESTE,206206.9983402
166329,-38.2201,-68.64251,SHALE,BAJADA DEL PALO OESTE,226499.77379039998
166330,-38.2201,-68.6424,SHALE,BAJADA DEL PALO OESTE,246146.0332782
166331,-38.2201,-68.64229,SHALE,BAJADA DEL PALO OESTE,311433.3081552
166336,-39.00665341,-68.86713426,SHALE,LA ESPERANZA,1092.122913057
166337,-38.98370477,-68.9098241,SHALE,CHALLACO,237.092973183
166338,-39.01067435,-68.8415847,SHALE,LA ESPERANZA,152.0906535654
166364,-37.67672254,-69.09095257,SHALE,AGUILA MORA,0.0
166365,-38.350037,-68.943375,SHALE,LA CALERA,117667.80467639999
166366,-38.34494,-69.03608,SHALE,LA CALERA,30285.581983799995
166380,-38.35003745,-68.94323797,SHALE,LA CALERA,121733.009343
166381,-38.374089,-69.107906,SHALE,AGUADA PICHANA ESTE VACA MUERTA,25113.158664
166382,-38.37409,-69.108095,SHALE,AGUADA PICHANA ESTE VACA MUERTA,23784.689754408
166383,-38.374092,-69.108286,SHALE,AGUADA PICHANA ESTE VACA MUERTA,24525.718201446
166384,-38.15996339,-68.40246613,SHALE,BAJADA DEL PALO ESTE,277771.0973598
166385,-38.15996308,-68.40235238,SHALE,BAJADA DEL PALO ESTE,191319.27446279998
166386,-38.1599625,-68.40223874,SHALE,BAJADA DEL PALO ESTE,144833.2810518
166387,-38.15996192,-68.40212385,SHALE,BAJADA DEL PALO ESTE,207029.5469352
166389,-38.34494024,-69.0359603,SHALE,LA CALERA,25945.8212574
166393,-38.465734724876,-68.991810860394,SHALE,FORTIN DE PIEDRA,102343.7919669
166394,-38.465734716811,-68.991696278834,SHALE,FORTIN DE PIEDRA,93732.23664624599
166395,-38.465734708633,-68.991581697274,SHALE,FORTIN DE PIEDRA,132604.49338884
166396,-38.465734700344,-68.991467115714,SHALE,FORTIN DE PIEDRA,86992.45385028
166436,-38.12542426,-68.49198392,SHALE,LOMA COLORADA,208633.986858
166437,-38.12542408,-68.4918806,SHALE,LOMA COLORADA,102599.78368200001
166438,-38.12542373,-68.49177864,SHALE,LOMA COLORADA,83678.681526
166439,-38.12542311,-68.49167623,SHALE,LOMA COLORADA,79341.10965
166440,-38.12542221,-68.49157325,SHALE,LOMA COLORADA,154980.92359199998
166441,-38.1254224,-68.49147038,SHALE,LOMA COLORADA,98661.614106
166442,-38.12602374,-68.64406751,SHALE,LA AMARGA CHICA,137926.885668
166443,-38.12602309,-68.64399954,SHALE,LA AMARGA CHICA,123659.73232799998
166444,-38.1260227,-68.64393214,SHALE,LA AMARGA CHICA,91917.25026
166445,-38.12602267,-68.64386302,SHALE,LA AMARGA CHICA,136755.221724
166446,-38.12602255,-68.64379437,SHALE,LA AMARGA CHICA,102691.426068
166447,-38.12602198,-68.64372423,SHALE,LA AMARGA CHICA,79990.84599
166448,-38.2757666,-68.59426193,SHALE,LA AMARGA CHICA,196232.765586
166449,-38.27576647,-68.59414685,SHALE,LA AMARGA CHICA,284036.738238
166450,-38.27576599,-68.59403257,SHALE,LA AMARGA CHICA,183172.18458
166451,-38.27576559,-68.59391898,SHALE,LA AMARGA CHICA,307474.105488
166452,-38.14063843,-68.70547878,SHALE,LA AMARGA CHICA,151370.82998399998
166453,-38.14063859,-68.70536505,SHALE,LA AMARGA CHICA,178821.404124
166454,-38.14063849,-68.70525007,SHALE,LA AMARGA CHICA,199389.050124
166455,-38.14063811,-68.70513668,SHALE,LA AMARGA CHICA,244630.323564
166457,-38.74170332,-68.71617354,SHALE,LA ANGOSTURA SUR I,171925.770588
166458,-38.74170315,-68.71610418,SHALE,LA ANGOSTURA SUR I,221865.335934
166459,-38.7417029,-68.71603586,SHALE,LA ANGOSTURA SUR I,186645.349242
166460,-38.74170291,-68.71596627,SHALE,LA ANGOSTURA SUR I,264129.269646
166461,-38.74170274,-68.71589829,SHALE,LA ANGOSTURA SUR I,197081.25960599998
166462,-38.74170266,-68.71582836,SHALE,LA ANGOSTURA SUR I,216629.58061799998
166476,-38.46851,-69.3692,SHALE,AGUADA PICHANA OESTE,0.0
166477,-38.507681,-69.375354,SHALE,AGUADA PICHANA OESTE,0.0
166479,-38.50768,-69.375492,SHALE,AGUADA PICHANA OESTE,0.0
166486,-38.50768,-69.375767,SHALE,AGUADA PICHANA OESTE,0.0
166490,-38.46851,-69.36934,SHALE,AGUADA PICHANA OESTE,0.0
166493,-38.50768,-69.37563,SHALE,AGUADA PICHANA OESTE,0.0
166495,-38.35301846,-68.95750588,SHALE,LA CALERA,0.0
166496,-38.35003765,-68.94310034,SHALE,LA CALERA,117864.43640400001
166497,-38.15666681,-68.54442634,SHALE,BAJADA DEL PALO OESTE,166969.5276942
166498,-38.15666664,-68.54431213,SHALE,BAJADA DEL PALO OESTE,189953.4129438
166499,-38.15666637,-68.54419827,SHALE,BAJADA DEL PALO OESTE,196378.56315
166500,-38.15666611,-68.54408417,SHALE,BAJADA DEL PALO OESTE,195044.3959332
166501,-38.01113,-68.56689,SHALE,RINCON DE ARANDA,111206.7585816
166502,-38.01113,-68.56678,SHALE,RINCON DE ARANDA,166723.8103674
166503,-38.01113,-68.56667,SHALE,RINCON DE ARANDA,115446.15296939999
166504,-38.01113,-68.56655,SHALE,RINCON DE ARANDA,150637.3418121
166505,-38.3530187,-68.95718601,SHALE,LA CALERA,6424.2696342
166522,-38.47526,-68.31959,SHALE,MATA MORA NORTE,206574.0081702
166523,-38.47526,-68.31948,SHALE,MATA MORA NORTE,180696.8212104
166524,-38.47526,-68.31936,SHALE,MATA MORA NORTE,223153.25613834
166525,-38.47526,-68.31925,SHALE,MATA MORA NORTE,203077.7599422
166531,-38.66363,-68.55453,SHALE,LINDERO ATRAVESADO OCCIDENTAL,219601.52495556
166534,-38.66363,-68.55467,SHALE,LINDERO ATRAVESADO OCCIDENTAL,211705.4471532
166538,-38.84850277778,-68.4661486111111,SHALE,AGUA DEL CAJON,98450.33972399999
166539,-38.84850333333,-68.4663113888889,SHALE,AGUA DEL CAJON,92348.54184600001
166540,-38.84850388889,-68.46654166667,SHALE,AGUA DEL CAJON,85288.555836
166541,-38.84850444444,-68.46665694444,SHALE,AGUA DEL CAJON,95602.066692
166545,-38.65713998,-68.33723963,SHALE,RIO NEUQUEN,85473.161466
166546,-38.65714035,-68.33706673,SHALE,RIO NEUQUEN,109963.755726
166549,-38.27222112,-68.64046218,SHALE,LA AMARGA CHICA,143200.82007000002
166550,-38.27222041,-68.64034745,SHALE,LA AMARGA CHICA,197385.811722
166551,-38.27222015,-68.64023363,SHALE,LA AMARGA CHICA,139903.140828
166552,-38.1258191,-68.59600335,SHALE,LA AMARGA CHICA,162149.031264
166553,-38.12581914,-68.59593651,SHALE,LA AMARGA CHICA,123711.182892
166554,-38.12581854,-68.59586683,SHALE,LA AMARGA CHICA,106971.634968
166555,-38.12581821,-68.59579818,SHALE,LA AMARGA CHICA,124298.209926
166556,-38.12581771,-68.59572941,SHALE,LA AMARGA CHICA,132793.779888
166557,-38.12581747,-68.59565973,SHALE,LA AMARGA CHICA,112024.16841
166558,-38.27221989,-68.64011867,SHALE,LA AMARGA CHICA,178089.08271
166559,-38.28396274,-68.70415448,SHALE,BANDURRIA SUR,178345.266264
166560,-38.28396221,-68.70405185,SHALE,BANDURRIA SUR,205787.223378
166561,-38.28396186,-68.70394898,SHALE,BANDURRIA SUR,201513.24138
166562,-38.28396169,-68.70384589,SHALE,BANDURRIA SUR,306441.57192
166563,-38.28396117,-68.70374371,SHALE,BANDURRIA SUR,226115.919876
166564,-38.28396082,-68.70364096,SHALE,BANDURRIA SUR,314927.644284
166565,-38.30080556,-68.6951552,SHALE,BANDURRIA SUR,170440.119828
166566,-38.30094683,-68.69540406,SHALE,BANDURRIA SUR,174126.886098
166567,-38.30090004,-68.69532114,SHALE,BANDURRIA SUR,168537.70692
166568,-38.3008528,-68.69523777,SHALE,BANDURRIA SUR,166837.51108199998
166569,-38.44819642,-68.57037276,SHALE,LOMA CAMPANA-LLL,275501.857026
166570,-38.44819604,-68.57026978,SHALE,LOMA CAMPANA-LLL,273197.840388
166578,-38.4161117,-68.4559862,SHALE,COIRON AMARGO SUR OESTE,151976.915112
166579,-38.4161111,-68.4558143,SHALE,COIRON AMARGO SUR OESTE,157955.244216
166580,-38.4161102,-68.4556425,SHALE,COIRON AMARGO SUR OESTE,174375.710586
166581,-38.4161094,-68.4554708,SHALE,COIRON AMARGO SUR OESTE,193887.236268
166582,-38.3273464,-68.4820846,SHALE,CRUZ DE LORENA,173555.960952
166583,-38.3273461,-68.4819143,SHALE,CRUZ DE LORENA,365615.632932
166584,-38.3273454,-68.4817428,SHALE,CRUZ DE LORENA,177944.983392
166585,-38.327345,-68.4815719,SHALE,CRUZ DE LORENA,284286.506196
166586,-38.15424,-69.2708,SHALE,SIERRA CHATA,303.896655942
166587,-38.15424,-69.27069,SHALE,SIERRA CHATA,0.0
166588,-38.15424,-69.27057,SHALE,SIERRA CHATA,0.0
166589,-37.47437015,-69.39758811,SHALE,EL TRAPIAL ESTE,181446.955338
166590,-37.47437053,-69.39747506,SHALE,EL TRAPIAL ESTE,75343.186974
166591,-37.47437091,-69.39736201,SHALE,EL TRAPIAL ESTE,137623.717308
166592,-37.47437129,-69.39724896,SHALE,EL TRAPIAL ESTE,82229.197116
166593,-38.35301852,-68.95742534,SHALE,LA CALERA,3213.0436932
166594,-37.98403,-68.62836,SHALE,RINCON DE ARANDA,136243.546494
166595,-37.98403,-68.62824,SHALE,RINCON DE ARANDA,77460.36510299999
166596,-37.98403,-68.62813,SHALE,RINCON DE ARANDA,74975.1015882
166597,-37.98403,-68.62801,SHALE,RINCON DE ARANDA,138475.9600488
166598,-38.551310640793,-69.187015437064,SHALE,FORTIN DE PIEDRA,3768.0374991269996
166599,-38.551310823987,-69.186900720423,SHALE,FORTIN DE PIEDRA,2344.0957216248
166600,-38.387894,-69.134544,SHALE,AGUADA PICHANA ESTE VACA MUERTA,16011.149521158
166601,-38.387894,-69.134736,SHALE,AGUADA PICHANA ESTE VACA MUERTA,13027.4463396
166603,-38.387892,-69.134924,SHALE,AGUADA PICHANA ESTE VACA MUERTA,14882.157781788
166611,-38.10166058,-68.54282901,SHALE,LOMA COLORADA,109706.943192
166612,-38.10166022,-68.54271444,SHALE,LOMA COLORADA,123293.60307
166613,-38.10165996,-68.54260009,SHALE,LOMA COLORADA,78701.311194
166614,-38.10165943,-68.54248676,SHALE,LOMA COLORADA,108204.121278
166616,-38.32767182,-68.75555314,SHALE,LOMA CAMPANA-LLL,256233.117624
166617,-38.32764288,-68.75545671,SHALE,LOMA CAMPANA-LLL,174174.562782
166618,-38.32761385,-68.75536052,SHALE,LOMA CAMPANA-LLL,268978.013568
166619,-38.32758518,-68.75526455,SHALE,LOMA CAMPANA-LLL,147849.92574
166620,-38.32755633,-68.75516847,SHALE,LOMA CAMPANA-LLL,270301.827774
166621,-38.32752721,-68.75507204,SHALE,LOMA CAMPANA-LLL,194870.143314
166622,-38.44819593,-68.57016703,SHALE,LOMA CAMPANA-LLL,159449.323308
166623,-38.44819555,-68.57006359,SHALE,LOMA CAMPANA-LLL,784.3380599999999
166624,-38.67552324,-68.69047476,SHALE,LA ANGOSTURA SUR II,170639.569386
166625,-38.67552315,-68.69037249,SHALE,LA ANGOSTURA SUR II,161713.39971599999
166626,-38.67552296,-68.6902678,SHALE,LA ANGOSTURA SUR II,153156.25261199998
166627,-38.67552242,-68.6901653,SHALE,LA ANGOSTURA SUR II,193465.001994
166628,-38.67552196,-68.69006211,SHALE,LA ANGOSTURA SUR II,150464.972988
166629,-38.67552151,-68.68995754,SHALE,LA ANGOSTURA SUR II,148378.080246
166634,-38.66363,-68.55481,SHALE,LINDERO ATRAVESADO OCCIDENTAL,191447.9417565
166637,-38.66363,-68.55495,SHALE,LINDERO ATRAVESADO OCCIDENTAL,205490.96625024
166640,-38.58548,-68.47124,SHALE,LINDERO ATRAVESADO OCCIDENTAL,221644.37714694
166644,-38.62591,-68.61883,SHALE,LINDERO ATRAVESADO OCCIDENTAL,173493.6353238
166645,-38.58548,-68.4711,SHALE,LINDERO ATRAVESADO OCCIDENTAL,99938.85234299999
166651,-38.6259,-68.61856,SHALE,LINDERO ATRAVESADO OCCIDENTAL,210788.243358
166654,-38.00125,-68.60048,SHALE,RINCON DE ARANDA,208297.92095706
166655,-38.00125,-68.60037,SHALE,RINCON DE ARANDA,185845.5319842
166656,-38.00125,-68.60014,SHALE,RINCON DE ARANDA,218887.87040999997
166657,-38.21608759,-68.63210876,SHALE,BAJADA DEL PALO OESTE,239285.9622714
166658,-38.21608723,-68.63199423,SHALE,BAJADA DEL PALO OESTE,206819.6122806
166659,-38.2160866,-68.63188005,SHALE,BAJADA DEL PALO OESTE,130064.9753172
166660,-38.2160866,-68.63176574,SHALE,BAJADA DEL PALO OESTE,179205.8115408
166661,-38.21608633,-68.63165121,SHALE,BAJADA DEL PALO OESTE,213115.82158679998
166662,-38.35301885,-68.95758539,SHALE,LA CALERA,0.0
166664,-38.551310274066,-69.187244870342,SHALE,FORTIN DE PIEDRA,3116.709367992
166665,-38.551310457485,-69.187130153704,SHALE,FORTIN DE PIEDRA,3383.1661152300003
166666,-38.827180658338,-68.712130157571,SHALE,PUESTO PARADA NC,150897.89992199998
166667,-38.827181083853,-68.712302893345,SHALE,PUESTO PARADA NC,123500.7324738
166668,-38.827180232567,-68.711957421802,SHALE,PUESTO PARADA NC,133956.91486319999
166670,-38.35301885,-68.95758539,SHALE,LA CALERA,3308.3027142
166671,-38.04542918,-68.59521319,SHALE,LOMA COLORADA,74816.22753
166672,-38.0454451,-68.59512811,SHALE,LOMA COLORADA,67982.35983
166673,-38.04546112,-68.59504509,SHALE,LOMA COLORADA,71069.771058
166674,-38.04547652,-68.59496332,SHALE,LOMA COLORADA,91666.538832
166675,-38.0454929,-68.5948795,SHALE,LOMA COLORADA,112385.454522
166676,-38.25611528,-69.15344742,SHALE,AGUADA DE LA ARENA,7.673556
166677,-38.25611552,-69.15333157,SHALE,AGUADA DE LA ARENA,8.805719999999999
166678,-37.53722199,-69.07199501,SHALE,BAJO DEL TORO NORTE,123068.554026
166679,-37.53722178,-69.07189307,SHALE,BAJO DEL TORO NORTE,131413.42038
166680,-37.5372223,-69.07179045,SHALE,BAJO DEL TORO NORTE,168291.020964
166681,-37.53722236,-69.07168861,SHALE,BAJO DEL TORO NORTE,147614.435628
166683,-38.27467222,-68.72861149,SHALE,BANDURRIA SUR,240004.867542
166684,-38.27467485,-68.72912495,SHALE,BANDURRIA SUR,125737.50485999999
166685,-38.27467425,-68.72902232,SHALE,BANDURRIA SUR,143626.63953000001
166686,-38.27467374,-68.72891879,SHALE,BANDURRIA SUR,160928.747166
166687,-38.27467323,-68.72881628,SHALE,BANDURRIA SUR,115289.51808
166688,-38.27467263,-68.72871366,SHALE,BANDURRIA SUR,207762.40927200002
166689,-38.69310592,-68.76824904,SHALE,LA ANGOSTURA SUR I,149557.22905199998
166690,-38.6931056,-68.76818076,SHALE,LA ANGOSTURA SUR I,198681.133134
166691,-38.69310574,-68.76811191,SHALE,LA ANGOSTURA SUR I,183080.919582
166692,-38.69310524,-68.76804271,SHALE,LA ANGOSTURA SUR I,187483.716684
166693,-38.69310492,-68.76797386,SHALE,LA ANGOSTURA SUR I,179064.50489399998
166694,-38.69310537,-68.7678372,SHALE,LA ANGOSTURA SUR I,180147.860046
166704,-38.58548,-68.47083,SHALE,LINDERO ATRAVESADO OCCIDENTAL,129844.46059002
166707,-38.36842086,-68.98496256,SHALE,LA CALERA,0.0
166708,-38.35301876,-68.95734515,SHALE,LA CALERA,7613.6582346
166709,-38.36842022,-68.98488258,SHALE,LA CALERA,0.0
166710,-38.09536758,-68.71867212,SHALE,AGUADA FEDERAL,107878.2844788
166711,-38.09536686,-68.71855767,SHALE,AGUADA FEDERAL,106312.2374952
166712,-38.09536568,-68.71844401,SHALE,AGUADA FEDERAL,107272.3062774
166713,-38.09536415,-68.71833105,SHALE,AGUADA FEDERAL,111901.9198572
166715,-38.21211686,-68.5937608,SHALE,BAJADA DEL PALO OESTE,164154.23208359999
166716,-38.21211647,-68.59364685,SHALE,BAJADA DEL PALO OESTE,121068.58632
166717,-38.21211635,-68.59353301,SHALE,BAJADA DEL PALO OESTE,112811.31801059999
166718,-38.21211622,-68.59341791,SHALE,BAJADA DEL PALO OESTE,87127.58642939999
166731,-37.4744550665,-69.3884319734,SHALE,EL TRAPIAL ESTE,109035.25545
166732,-37.4744554381,-69.3883189252,SHALE,EL TRAPIAL ESTE,55246.521198
166733,-37.4744558096,-69.3882058771,SHALE,EL TRAPIAL ESTE,104217.205752
166734,-37.4744561809,-69.3880928289,SHALE,EL TRAPIAL ESTE,64789.02837
166736,-38.20234418,-68.54846304,SHALE,BAJADA DEL PALO OESTE,155507.57483579998
166737,-38.20234464,-68.54834705,SHALE,BAJADA DEL PALO OESTE,143435.2472058
166744,-38.36842012,-68.98480225,SHALE,LA CALERA,0.0
166748,-37.98589,-68.62825,SHALE,RINCON DE ARANDA,141950.753769
166749,-37.98589,-68.62802,SHALE,RINCON DE ARANDA,138169.4140662
166750,-37.98589,-68.62836,SHALE,RINCON DE ARANDA,9191.594198159999
166751,-38.31131,-68.351703,SHALE,COIRON AMARGO SUR ESTE,72208.4827398
166756,-38.311307,-68.352115,SHALE,COIRON AMARGO SUR ESTE,115936.6944714
166759,-38.311307,-68.351978,SHALE,COIRON AMARGO SUR ESTE,121827.387792
166763,-38.31131,-68.35184,SHALE,COIRON AMARGO SUR ESTE,75615.17427948
166769,-38.12507795,-68.5392906,SHALE,LOMA COLORADA,70324.36686000001
166770,-38.12507766,-68.53923928,SHALE,LOMA COLORADA,65726.20857
166771,-38.12507752,-68.53913573,SHALE,LOMA COLORADA,63576.732317999995
166772,-38.12507676,-68.53903389,SHALE,LOMA COLORADA,63915.563844
166773,-38.08816175,-68.57609333,SHALE,LOMA COLORADA,94939.68785399999
166774,-38.08816161,-68.57597946,SHALE,LOMA COLORADA,68334.211242
166775,-38.08816111,-68.5758657,SHALE,LOMA COLORADA,102334.605714
166776,-38.16891181,-68.68846919,SHALE,LA AMARGA CHICA,133948.398474
166777,-38.16891136,-68.6884014,SHALE,LA AMARGA CHICA,235523.510838
166778,-38.29020453,-68.55957799,SHALE,LA AMARGA CHICA,180007.7862
166779,-38.2901434,-68.55949331,SHALE,LA AMARGA CHICA,184797.53179799998
166780,-38.2900829,-68.55940864,SHALE,LA AMARGA CHICA,266798.53497
166781,-38.29002186,-68.55932339,SHALE,LA AMARGA CHICA,145021.842966
166782,-38.28996182,-68.55923849,SHALE,LA AMARGA CHICA,248933.61602999998
166783,-38.32228125,-68.79408744,SHALE,LOMA CAMPANA-LLL,163545.99584400002
166784,-38.32217594,-68.79393096,SHALE,LOMA CAMPANA-LLL,159352.64908200002
166785,-38.72329464,-68.64632372,SHALE,LA ANGOSTURA SUR I,135502.545156
166786,-38.7232947,-68.64625449,SHALE,LA ANGOSTURA SUR I,141841.154004
166787,-38.72329494,-68.64639294,SHALE,LA ANGOSTURA SUR I,131855.467524
166789,-38.36842029,-68.98472261,SHALE,LA CALERA,0.0
166791,-38.36842082,-68.98464251,SHALE,LA CALERA,0.0
166792,-37.95673,-69.2867,SHALE,PARVA NEGRA,0.0
166793,-38.18667668,-68.35458113,SHALE,BAJADA DEL PALO ESTE,92539.6008108
166794,-38.18667575,-68.35447921,SHALE,BAJADA DEL PALO ESTE,73902.3950676
166795,-38.18667411,-68.35437615,SHALE,BAJADA DEL PALO ESTE,69762.593373
166797,-38.36842009,-68.98456275,SHALE,LA CALERA,0.0
166803,-38.5036620926557,-68.4412078786944,SHALE,SIERRAS BLANCAS,114730.417758
166804,-38.5036618092861,-68.4410352324595,SHALE,SIERRAS BLANCAS,96515.911734
166805,-38.5036609895551,-68.4408635074974,SHALE,SIERRAS BLANCAS,0.0
166806,-38.5036599861257,-68.4406910961187,SHALE,SIERRAS BLANCAS,111735.08920199999
166807,-38.60872427,-68.65267101,SHALE,LA ANGOSTURA SUR II,90159.439854
166808,-38.29362894,-68.61048718,SHALE,LA AMARGA CHICA,210351.416748
166809,-38.29362934,-68.61071637,SHALE,LA AMARGA CHICA,100492.952274
166810,-38.29362932,-68.61060149,SHALE,LA AMARGA CHICA,188116.34476799998
166811,-38.20484164,-68.70326899,SHALE,LA AMARGA CHICA,218485.00871999998
166812,-38.2048409,-68.70315391,SHALE,LA AMARGA CHICA,161651.94837
166813,-38.20484079,-68.70303974,SHALE,LA AMARGA CHICA,234784.585134
166814,-38.16891253,-68.68867527,SHALE,LA AMARGA CHICA,152798.803278
166815,-38.1689119,-68.68860658,SHALE,LA AMARGA CHICA,235367.272206
166816,-38.16891217,-68.68853845,SHALE,LA AMARGA CHICA,103474.883556
166817,-38.16891109,-68.68833282,SHALE,LA AMARGA CHICA,86301.968412
166818,-38.23931579,-68.87575931,SHALE,BANDURRIA SUR,48731.986644
166819,-38.23933686,-68.87566024,SHALE,BANDURRIA SUR,66334.180638
166820,-38.23935765,-68.87556129,SHALE,BANDURRIA SUR,41915.038506
166821,-38.33002891,-68.68357715,SHALE,LOMA CAMPANA-LLL,0.0
166822,-38.33083572,-68.68357215,SHALE,LOMA CAMPANA-LLL,0.0
166823,-38.33002708,-68.68323348,SHALE,LOMA CAMPANA-LLL,0.0
166824,-38.48597987,-68.51021431,SHALE,LOMA CAMPANA-LLL,0.0
166825,-38.32243932,-68.79432142,SHALE,LOMA CAMPANA-LLL,136577.03168999997
166826,-38.32233391,-68.79416482,SHALE,LOMA CAMPANA-LLL,119503.558284
166827,-38.32222868,-68.79400868,SHALE,LOMA CAMPANA-LLL,111723.578868
166829,-38.72329557,-68.64660038,SHALE,LA ANGOSTURA SUR I,130623.73598999999
166830,-38.72329509,-68.64653047,SHALE,LA ANGOSTURA SUR I,126797.839344
166831,-38.72329515,-68.64646148,SHALE,LA ANGOSTURA SUR I,131013.01171199999
166832,-38.32266997,-68.5910602,SHALE,LOMA CAMPANA,104341.869588
166833,-38.32266962,-68.59095751,SHALE,LOMA CAMPANA,99483.753864
166834,-38.32266836,-68.59054504,SHALE,LOMA CAMPANA,122227.859358
166840,-38.12601,-68.46716,SHALE,AGUADA CÁNEPA,81687.41512932
166844,-38.12601,-68.4673,SHALE,AGUADA CÁNEPA,89148.09159036
166848,-38.32452002,-68.97467636,SHALE,LA CALERA,0.0
166849,-38.00671,-68.53104,SHALE,RINCON DE ARANDA,88259.55796152
166850,-38.00671,-68.53093,SHALE,RINCON DE ARANDA,66895.4743327662
166851,-38.00671,-68.53081,SHALE,RINCON DE ARANDA,80571.54234029999
166852,-38.00671,-68.5307,SHALE,RINCON DE ARANDA,75361.90290287999
166853,-38.52972,-68.2486,SHALE,CONFLUENCIA SUR,67497.4036704
166854,-38.52972,-68.24848,SHALE,CONFLUENCIA SUR,0.0
166855,-38.52972,-68.24837,SHALE,CONFLUENCIA SUR,63979.6506162
166856,-38.52972,-68.24825,SHALE,CONFLUENCIA SUR,59373.321876
166857,-38.15645497,-68.44592794,SHALE,BAJADA DEL PALO OESTE,49126.923186
166858,-38.15645606,-68.44604511,SHALE,BAJADA DEL PALO OESTE,57114.289887599996
166859,-38.15645436,-68.44558886,SHALE,BAJADA DEL PALO OESTE,16310.7282294
166860,-38.15659505,-68.47628014,SHALE,BAJADA DEL PALO OESTE,49027.953183
166861,-38.15659435,-68.47616513,SHALE,BAJADA DEL PALO OESTE,37751.3921796
166862,-38.52972,-68.24848,SHALE,CONFLUENCIA NORTE,112053.95690280001
166871,-38.32451995,-68.97475641,SHALE,LA CALERA,0.0
166873,-38.60872497,-68.65287766,SHALE,LA ANGOSTURA SUR II,121346.59548
166874,-38.60872486,-68.65280821,SHALE,LA ANGOSTURA SUR II,113343.51685799999
166875,-38.60872447,-68.65273944,SHALE,LA ANGOSTURA SUR II,103497.08654999999
166876,-38.24524195,-68.73974936,SHALE,BANDURRIA SUR,31781.353032
166877,-38.24524354,-68.74026432,SHALE,BANDURRIA SUR,3626.132598
166878,-38.30760299,-68.64988939,SHALE,BANDURRIA SUR,45201.207414
166879,-38.30760259,-68.64978558,SHALE,BANDURRIA SUR,48734.376768
166880,-38.3076022,-68.64968337,SHALE,BANDURRIA SUR,50892.78453600001
166881,-38.30760162,-68.64958139,SHALE,BANDURRIA SUR,55417.729554
166882,-38.24524231,-68.73995464,SHALE,BANDURRIA SUR,13018.753836
166883,-38.24524227,-68.7398524,SHALE,BANDURRIA SUR,25153.53918
166884,-38.24524263,-68.74005836,SHALE,BANDURRIA SUR,24805.650342
166885,-38.24524259,-68.74016129,SHALE,BANDURRIA SUR,14977.58625
166886,-38.23927402,-68.87595791,SHALE,BANDURRIA SUR,81719.534622
166887,-38.23929482,-68.87585941,SHALE,BANDURRIA SUR,28419.895217999998
166888,-38.23937845,-68.87546165,SHALE,BANDURRIA SUR,26440.054872
166890,-38.40791977,-68.60296263,SHALE,LOMA CAMPANA-LLL,74993.096706
166891,-38.32238693,-68.79424381,SHALE,LOMA CAMPANA-LLL,31876.266114
166892,-38.70827239,-68.70684027,SHALE,LA ANGOSTURA SUR I,77066.214786
166893,-38.70827221,-68.70677118,SHALE,LA ANGOSTURA SUR I,47795.309627999995
166894,-38.70827291,-68.70697823,SHALE,LA ANGOSTURA SUR I,71818.383054
166895,-38.70827247,-68.70690914,SHALE,LA ANGOSTURA SUR I,65940.627852
166896,-38.32266926,-68.59085494,SHALE,LOMA CAMPANA,96285.767952
166897,-38.232,-69.025,SHALE,BAJADA DE AÑELO,0.0
166898,-38.188,-69.05,SHALE,BAJADA DE AÑELO,0.0
166903,-38.32451988,-68.97483635,SHALE,LA CALERA,0.0
166906,-38.15622562,-68.53620354,SHALE,BAJADA DEL PALO OESTE,10991.551296
166907,-38.15622571,-68.53609002,SHALE,BAJADA DEL PALO OESTE,9647.5405422
166908,-38.15622499,-68.53597558,SHALE,BAJADA DEL PALO OESTE,17417.839955999996
166909,-38.15622481,-68.53586229,SHALE,BAJADA DEL PALO OESTE,13168.507684199998
166911,-37.715049,-69.105539,SHALE,BAJO DEL CHOIQUE,67778.821902
166912,-38.29313226,-69.05514342,SHALE,LA CALERA,0.0
166913,-37.715049,-69.105449,SHALE,BAJO DEL CHOIQUE,81475.616178
166914,-37.715049,-69.105358,SHALE,BAJO DEL CHOIQUE,60506.492243999994
166915,-37.71048,-69.157894,SHALE,BAJO DEL CHOIQUE,51676.179126
166916,-37.710481,-69.157803,SHALE,BAJO DEL CHOIQUE,43345.968006
166917,-37.710481,-69.157712,SHALE,BAJO DEL CHOIQUE,51221.61528
166924,-38.12331149,-68.71180474,SHALE,LA AMARGA CHICA,22296.08304
166925,-38.12331091,-68.71175342,SHALE,LA AMARGA CHICA,40516.753068
166926,-38.1233109,-68.71159969,SHALE,LA AMARGA CHICA,21132.658734
166927,-38.12331064,-68.71149717,SHALE,LA AMARGA CHICA,35272.129133999995
166928,-38.31088913,-68.58740699,SHALE,LA AMARGA CHICA,16139.249412
166929,-38.31083446,-68.58733184,SHALE,LA AMARGA CHICA,27301.631675999997
166930,-38.40792064,-68.60316814,SHALE,LOMA CAMPANA-LLL,44151.376896
166931,-38.40792029,-68.6030651,SHALE,LOMA CAMPANA-LLL,45890.06631
166932,-38.40791881,-68.60265294,SHALE,LOMA CAMPANA-LLL,54320.411046
166933,-38.45761324,-68.54332036,SHALE,LOMA CAMPANA-LLL,14543.967438
166934,-38.45763384,-68.54322102,SHALE,LOMA CAMPANA-LLL,21706.665881999998
166935,-38.45765462,-68.54312052,SHALE,LOMA CAMPANA-LLL,31331.821025999994
166936,-38.45767549,-68.54302152,SHALE,LOMA CAMPANA-LLL,19016.015238
166937,-38.32266881,-68.59075179,SHALE,LOMA CAMPANA,102893.26575
166950,-38.1875335992061,-68.959416526375,SHALE,BAJADA DE AÑELO,22006.43775
166951,-38.1875334496165,-68.9592447391304,SHALE,BAJADA DE AÑELO,16841.631378
166952,-38.1875340205358,-68.9590730656278,SHALE,BAJADA DE AÑELO,11272.768254
166953,-38.1875343208141,-68.9589010498415,SHALE,BAJADA DE AÑELO,11347.302384
166958,-38.13489,-69.18638,SHALE,SIERRA CHATA,0.0
166959,-38.13489,-69.18604,SHALE,SIERRA CHATA,0.0
166960,-38.32451989,-68.97491617,SHALE,LA CALERA,0.0
166961,-38.32451973,-68.97499645,SHALE,LA CALERA,0.0
166962,-38.29313166,-69.05526516,SHALE,LA CALERA,0.0
166963,-38.24607092,-68.55363289,SHALE,BAJADA DEL PALO OESTE,0.0
166964,-38.24615435,-68.57613661,SHALE,BAJADA DEL PALO OESTE,0.0
166966,-38.24607014,-68.55340476,SHALE,BAJADA DEL PALO OESTE,0.0
166967,-38.1015131,-68.56601664,SHALE,LOMA COLORADA,349.335492
166968,-38.10146307,-68.56593622,SHALE,LOMA COLORADA,442.17294
166969,-38.10141242,-68.5658558,SHALE,LOMA COLORADA,1110.527088
166970,-38.10136166,-68.56577458,SHALE,LOMA COLORADA,348.832308
166971,-38.75566384,-68.51300067,SHALE,SIERRA BARROSA,1245.0659099999998
166972,-38.75566323,-68.51289737,SHALE,SIERRA BARROSA,2352.322302
166973,-38.75566298,-68.51279337,SHALE,SIERRA BARROSA,1198.710084
166974,-37.58333658,-69.04523075,SHALE,BAJO DEL TORO,204.73299
166975,-38.59743727,-68.69181136,SHALE,LA ANGOSTURA SUR II,0.62898
166976,-38.31099868,-68.58755913,SHALE,LA AMARGA CHICA,7317.679116
166977,-38.31094382,-68.58748306,SHALE,LA AMARGA CHICA,33848.936088
166979,-38.32756315,-68.69156296,SHALE,BANDURRIA SUR,7428.190901999999
166980,-38.32750423,-68.69149196,SHALE,BANDURRIA SUR,4886.356926
166981,-38.32744557,-68.69142051,SHALE,BANDURRIA SUR,6402.70191
166982,-38.32738719,-68.69134996,SHALE,BANDURRIA SUR,7023.693864
166985,-38.4079196,-68.60285959,SHALE,LOMA CAMPANA-LLL,117.682158
166986,-38.70955669,-68.67375134,SHALE,LA ANGOSTURA SUR I,17872.655394
166987,-38.70955754,-68.6739577,SHALE,LA ANGOSTURA SUR I,20499.464568
166988,-38.70955735,-68.67388964,SHALE,LA ANGOSTURA SUR I,21503.56824
166989,-38.70955697,-68.67382032,SHALE,LA ANGOSTURA SUR I,21907.05891
166990,-37.8649278,-69.22213628,SHALE,RINCON LA CENIZA,0.0
166991,-37.8739352,-69.21750764,SHALE,RINCON LA CENIZA,0.0
166994,-38.59745385,-68.69174575,SHALE,LA ANGOSTURA SUR II,188.190816
166995,-38.59747044,-68.69168002,SHALE,LA ANGOSTURA SUR II,142.212378
166997,-37.97603,-68.65294,SHALE,RINCON DE ARANDA,0.0
166998,-37.97603,-68.65283,SHALE,RINCON DE ARANDA,0.0
166999,-37.97603,-68.65271,SHALE,RINCON DE ARANDA,0.0
167000,-37.97603,-68.6526,SHALE,RINCON DE ARANDA,0.0
167153,-38.23186238,-69.0249534,SHALE,BAJADA DE AÑELO,0.0
